"Speed": [0, 9, 1, 0]
"Cover": [2, 5, 9, 0]
"Blue": [12, 26, 87, 10]
"Multi-Stage": [0, 0, 1, 0]
"Asenso": [1, 1, 7, 0]
"Bodycology": [0, 0, 1, 0]
"Way": [1, 2, 2, 0]
"Ultra": [2, 0, 10, 0]
"Promoline": [0, 1, 0, 0]
"Currency": [0, 0, 1, 0]
"BTX": [1, 0, 0, 0]
"Sand": [0, 0, 1, 0]
"9": [0, 0, 1, 0]
"ES": [1, 1, 10, 1]
"Dash": [0, 0, 2, 0]
"Trolley": [0, 1, 11, 18]
"Concentrate": [1, 1, 1, 0]
"Octa": [1, 0, 0, 0]
"Glossy": [0, 0, 1, 0]
"Georgia": [0, 0, 1, 0]
"Formula": [1, 0, 2, 0]
"White/Grey": [0, 0, 2, 0]
"APP-X": [1, 0, 0, 0]
"BUNDLE": [0, 0, 0, 3]
"Familia": [0, 1, 0, 0]
"Detector": [0, 0, 1, 0]
"5.6": [0, 0, 1, 0]
"TravelMate": [0, 1, 0, 0]
"Sweeper": [0, 1, 0, 0]
"Polo": [1, 0, 29, 0]
"MINERAL": [0, 0, 1, 0]
"ipad/iPhone": [0, 0, 1, 0]
"TEMPTATION": [1, 0, 1, 0]
"G-BLANCHE": [0, 1, 0, 0]
"Guide": [0, 0, 0, 2]
"Black/Red": [0, 5, 1, 0]
"Protection": [1, 0, 3, 0]
"Steel": [8, 4, 17, 1]
"Refill": [1, 0, 0, 0]
"CALAMANSI": [1, 0, 1, 0]
"Micellar": [0, 1, 1, 0]
"Energized": [0, 1, 0, 0]
"Decibel": [0, 1, 1, 0]
"Glucose": [0, 0, 1, 0]
"Normal": [0, 1, 1, 0]
"Toothpaste": [4, 0, 10, 0]
"FREE&nbsp": [1, 1, 0, 0]
"Motion": [0, 0, 2, 0]
"Adult": [0, 0, 1, 1]
"Mocha": [1, 3, 0, 0]
"(5-9": [0, 0, 1, 0]
"Ground": [0, 1, 0, 0]
"Jackhammer": [0, 1, 0, 0]
"Shake": [0, 1, 3, 0]
"26": [1, 0, 0, 0]
"Sport": [0, 0, 5, 0]
"Turtle": [2, 1, 0, 0]
"Corporate": [0, 0, 1, 0]
"CREAM": [4, 0, 4, 0]
"ZenFone": [2, 1, 1, 0]
"CREATIVE": [1, 0, 0, 0]
"Kangaroo": [0, 0, 1, 0]
"Global": [4, 2, 11, 0]
"0-6": [0, 1, 0, 0]
"Baton": [1, 0, 0, 0]
"Thai": [0, 0, 1, 0]
"Mug(Green": [0, 0, 1, 0]
"(50-21)": [0, 0, 1, 0]
"Flosser": [0, 0, 1, 0]
"Uper": [0, 1, 0, 0]
"over": [0, 0, 2, 0]
"Lavander": [0, 0, 2, 0]
"FLARE": [2, 0, 0, 0]
"H-KENYA": [2, 0, 0, 0]
"DIY": [4, 3, 1, 0]
"ROOT": [0, 0, 1, 0]
"Speakers": [0, 3, 1, 0]
"Caleo": [0, 0, 1, 1]
"Gainer": [1, 0, 0, 0]
"Orbit": [0, 0, 2, 0]
"Fujifilm": [0, 0, 1, 0]
"Games": [0, 0, 1, 0]
"Calculator": [0, 0, 1, 0]
"Outdoor": [1, 0, 6, 0]
"Single-Pole": [2, 0, 0, 0]
"FINE": [0, 0, 1, 0]
"kg": [2, 3, 1, 0]
"Educational": [0, 0, 1, 0]
"Clay": [0, 1, 0, 0]
"Heater": [0, 1, 0, 0]
"WHITE": [2, 0, 4, 0]
"Silver&amp": [0, 0, 1, 0]
"Microsoft": [0, 3, 0, 0]
"H-PIETRA": [1, 0, 2, 0]
"Dryer": [0, 1, 1, 0]
"Tuck": [0, 0, 1, 0]
"VNB": [0, 0, 1, 0]
"Growth": [0, 0, 1, 0]
"Multi-Function": [0, 0, 2, 0]
"Aerosol": [1, 0, 1, 0]
"Video": [0, 0, 1, 0]
"Chrome/Beige": [1, 0, 0, 0]
"Flavor": [1, 0, 2, 0]
"Sealer": [1, 0, 0, 0]
"Diamond": [0, 0, 2, 0]
"Bestway": [0, 8, 22, 0]
"MTP/LTP": [0, 0, 1, 0]
"Fruits": [1, 0, 0, 0]
"75": [0, 2, 0, 0]
"Glass": [1, 3, 6, 0]
"Midsole": [0, 2, 0, 0]
"Rosehips": [0, 0, 1, 0]
"Decathlon": [0, 0, 1, 0]
"Safety": [1, 1, 1, 2]
"Toilette": [6, 1, 10, 0]
"Bake": [0, 1, 0, 0]
"KV": [0, 0, 2, 0]
"Maybelline": [0, 0, 1, 0]
"EZ": [1, 0, 0, 0]
"Clothes": [5, 5, 1, 0]
"CTB": [0, 1, 0, 0]
"Davidoff": [1, 0, 2, 0]
"Speaker": [1, 5, 8, 2]
"DVX": [0, 0, 6, 0]
"DEEP": [0, 0, 5, 0]
"MicroSD": [0, 0, 1, 0]
"AP": [0, 0, 2, 0]
"D&amp": [1, 1, 3, 0]
"Hiking": [0, 0, 4, 0]
"Fujidenzo": [0, 0, 1, 0]
"SILK": [4, 0, 4, 0]
"Cyber": [0, 0, 1, 0]
"C-ZG": [0, 0, 1, 0]
"Daphne": [0, 0, 1, 0]
"Watts": [0, 2, 1, 0]
"Nails": [0, 0, 1, 0]
"Salmon": [0, 0, 1, 0]
"Balm": [0, 0, 1, 0]
"Friskies": [2, 0, 1, 0]
"Total": [2, 0, 1, 0]
"G-KASMIRA": [2, 0, 0, 0]
"vary": [1, 0, 0, 0]
"HDD": [0, 2, 3, 0]
"Live": [2, 0, 0, 0]
"Curl": [1, 0, 0, 0]
"Clear": [0, 1, 3, 0]
"(6)": [0, 0, 1, 0]
"Jogger": [0, 1, 1, 0]
"Slippers": [1, 1, 19, 0]
"CIS": [0, 0, 0, 4]
"Prep": [0, 0, 2, 0]
"Numeric": [0, 0, 1, 0]
"AYV": [1, 0, 1, 0]
"Advanced": [0, 0, 3, 0]
"Night": [2, 1, 5, 0]
"Bath": [11, 3, 8, 0]
"Finesse": [3, 0, 0, 0]
"Ladies": [7, 19, 80, 0]
"Teaberry": [0, 0, 4, 0]
"Multi-Touch": [0, 2, 0, 0]
"VA": [0, 2, 1, 0]
"Easy": [0, 2, 1, 0]
"FinePet": [0, 1, 0, 0]
"Stitch": [0, 1, 2, 0]
"Weekend": [0, 1, 0, 0]
"Money": [0, 0, 2, 0]
"Ml": [2, 0, 2, 0]
"Spinner": [0, 0, 0, 2]
"L/B": [0, 0, 1, 0]
"Hands-Free": [1, 0, 1, 0]
"InkJet": [0, 0, 1, 1]
"B-ELLA": [0, 0, 3, 0]
"Pop": [0, 2, 4, 0]
"ZenPower": [3, 0, 4, 0]
"Resin": [7, 0, 31, 0]
"BAR": [0, 0, 4, 0]
"C-HAYLEY": [1, 0, 2, 0]
"DC": [0, 1, 1, 0]
"A-ELISE": [0, 0, 1, 0]
"Duke": [3, 0, 2, 0]
"C-PILAF": [0, 0, 1, 0]
"Anti-Cavity": [1, 0, 2, 0]
"Hybrid": [1, 2, 0, 0]
"Xfoliant": [0, 0, 1, 0]
"Sky": [1, 2, 1, 0]
"E&amp": [0, 0, 1, 0]
"Cups": [0, 1, 0, 0]
"6.0": [5, 0, 0, 0]
"Rescue": [0, 0, 7, 0]
"Hands": [0, 0, 1, 0]
"iPad": [1, 1, 3, 0]
"Passion": [1, 0, 1, 0]
"Drainmaker": [1, 4, 0, 0]
"Laptop": [0, 7, 10, 0]
"CD": [0, 0, 1, 0]
"Bodyxpert": [0, 0, 1, 0]
"SCF": [0, 1, 0, 0]
"Olive": [0, 2, 1, 0]
"Infrared": [1, 1, 1, 0]
"7.1": [0, 1, 0, 0]
"Cyclone": [0, 1, 1, 0]
"Massager": [5, 1, 2, 1]
"DGY": [0, 0, 2, 0]
"Mibacle": [1, 0, 0, 0]
"SET": [1, 1, 2, 0]
"(2": [0, 1, 0, 0]
"Regimen": [0, 0, 3, 0]
"Trimmer": [0, 1, 1, 0]
"18"/18"": [1, 0, 0, 0]
"SLippers": [0, 0, 1, 0]
"Box": [2, 2, 7, 1]
"Linen": [0, 28, 4, 0]
"Black/Green": [0, 1, 1, 0]
"Frying": [0, 1, 0, 0]
"HERC": [0, 1, 0, 0]
"Data": [1, 0, 2, 0]
"Two": [1, 1, 10, 0]
"EXCITE": [1, 0, 0, 0]
"Rate": [1, 0, 0, 0]
"Perforated": [1, 5, 2, 0]
"Original": [0, 0, 3, 0]
"BF": [0, 0, 1, 0]
"A-RUSSIA": [0, 0, 1, 0]
"Bluetooth": [2, 4, 12, 2]
"Garnier": [0, 1, 6, 0]
"Stungun": [0, 0, 1, 0]
"NAT": [0, 0, 3, 0]
"Angle": [1, 0, 1, 0]
"Caribbean": [0, 1, 0, 0]
"MM": [0, 0, 1, 0]
"Screw": [0, 1, 0, 0]
"Mitsubishi": [4, 0, 0, 0]
"Riddex": [0, 0, 1, 0]
"Bebeta": [0, 1, 1, 3]
"Sets": [0, 0, 2, 0]
"rd": [0, 0, 3, 0]
"Cree": [0, 0, 1, 0]
"Sl": [0, 0, 1, 1]
"Headphone": [0, 1, 3, 0]
"Arden": [3, 1, 2, 0]
"Twister": [1, 1, 0, 0]
"Everyday": [0, 0, 3, 0]
"ICE": [0, 0, 1, 0]
"Diadora": [3, 3, 1, 0]
"Maubourg": [0, 0, 3, 0]
"Handle": [0, 1, 2, 0]
"LightPink": [0, 0, 1, 0]
"External": [0, 1, 5, 0]
"Plax": [4, 2, 3, 0]
"Broiler": [0, 1, 0, 0]
"G-PETULIA": [1, 0, 0, 0]
"Building": [0, 0, 2, 0]
"Chromium": [0, 1, 0, 0]
"CAPSULES": [0, 0, 1, 0]
"Camping": [4, 0, 3, 0]
"Pur": [2, 0, 2, 0]
"Standout": [0, 0, 3, 0]
"Brownie": [0, 0, 1, 0]
"MQ": [1, 0, 5, 0]
"Loafers": [0, 0, 2, 0]
"De": [3, 0, 6, 0]
"Chic": [0, 0, 0, 1]
"inside": [1, 0, 0, 0]
"Champagne": [0, 0, 3, 0]
"iPROTECT": [0, 0, 1, 0]
"Holder": [0, 4, 2, 0]
"Canned": [1, 0, 0, 0]
"Washable": [0, 0, 4, 0]
"Tees": [0, 0, 32, 0]
"Eleaf": [0, 0, 1, 0]
"Toothbrush": [1, 0, 3, 0]
"Jet": [2, 0, 2, 0]
"Ion": [3, 2, 2, 0]
"Casa": [0, 0, 1, 0]
"Bonfire/Electron": [1, 1, 0, 0]
"KM": [0, 1, 0, 0]
"Slide": [5, 14, 4, 0]
"Mount": [0, 0, 2, 0]
"100": [2, 2, 0, 0]
"Relief": [0, 0, 5, 0]
"19.53"": [0, 0, 0, 1]
"180": [0, 0, 1, 0]
"Tricycle": [0, 0, 0, 2]
"Mango": [0, 0, 1, 0]
"Vitamin": [1, 0, 2, 0]
"Laud": [0, 1, 4, 0]
"Toyota": [4, 0, 0, 0]
"Amour": [0, 0, 1, 0]
"ZB": [6, 1, 0, 0]
"Flashlight": [5, 1, 19, 0]
"STRENGTHENING": [1, 0, 1, 0]
"Dollhouse": [0, 0, 2, 0]
"Colour": [1, 0, 4, 0]
"x": [3, 4, 33, 0]
"Hi-Lo": [0, 0, 2, 0]
"Shorts": [0, 0, 17, 0]
"Max": [5, 0, 15, 0]
"Estate": [0, 0, 1, 0]
"Navy/Royal": [0, 4, 0, 0]
"DOOGEE": [7, 0, 4, 0]
"Induction": [0, 0, 2, 0]
"Ypad": [0, 0, 1, 0]
"Safe": [0, 1, 0, 2]
"LIFT": [0, 0, 1, 0]
"Liquid": [6, 1, 1, 0]
"Car": [10, 8, 17, 0]
"Dowell": [0, 1, 2, 1]
"15.6â€": [0, 0, 1, 0]
"Whiskers": [0, 0, 1, 0]
"WR": [0, 0, 1, 0]
"plated": [2, 0, 7, 0]
"Monlove": [0, 1, 0, 0]
"Softgels": [1, 0, 1, 0]
"Scale": [0, 0, 7, 0]
"Space": [1, 0, 2, 0]
"33": [0, 0, 1, 0]
"Sports": [3, 1, 15, 0]
"Hotmarzz": [1, 0, 10, 0]
"Minions": [0, 0, 1, 0]
"INT": [0, 0, 1, 0]
"Eco": [0, 1, 0, 0]
"G-ZIA": [1, 0, 0, 0]
"fragrance": [0, 0, 2, 0]
"Master": [0, 0, 3, 0]
"Type": [0, 0, 5, 1]
"Bellecour": [1, 1, 0, 0]
"Super": [3, 3, 22, 2]
"G-VERENE": [0, 0, 3, 0]
"White/Cream": [0, 0, 1, 0]
"Beverly's": [0, 28, 4, 0]
"Volt": [0, 0, 1, 0]
"Degrees": [0, 0, 1, 0]
"14.1"": [0, 1, 0, 0]
"Pompeian": [0, 0, 1, 0]
"Tornado": [0, 1, 0, 0]
"EHW": [0, 0, 0, 1]
"Chrome": [0, 2, 1, 1]
"Roll": [0, 1, 1, 0]
"Epansion": [0, 0, 0, 2]
"EXTRA": [2, 0, 1, 0]
"Altec": [0, 1, 4, 0]
"Tab": [0, 0, 1, 0]
"Kickstand": [0, 0, 1, 0]
"Coral": [0, 2, 3, 0]
"Loss": [0, 0, 1, 0]
"Fast": [0, 0, 5, 0]
"Little": [0, 2, 0, 0]
"Dry": [1, 4, 17, 4]
"Rose": [3, 0, 13, 0]
"Fantsy": [1, 0, 0, 0]
"Antenna": [1, 0, 0, 0]
"50%": [0, 0, 3, 0]
"Curacao": [0, 0, 1, 0]
"Craft": [1, 0, 0, 0]
"Cake": [1, 4, 1, 0]
"Sardine": [1, 0, 0, 0]
"cm": [0, 4, 21, 18]
"Jar": [1, 1, 1, 0]
"Whitener": [1, 0, 0, 0]
"AHRC": [0, 2, 0, 0]
"Daylight": [0, 0, 4, 0]
"Moisturizing": [0, 0, 9, 0]
"Glutathione": [2, 0, 1, 0]
"Ajax": [1, 1, 1, 0]
"Fix": [0, 0, 1, 0]
"Freshgear": [1, 1, 21, 0]
"Wall": [1, 0, 0, 0]
"Zip": [0, 0, 1, 0]
"Degree": [0, 0, 1, 0]
"Packet": [0, 0, 1, 0]
"DEFENSE": [0, 0, 1, 0]
"designs": [0, 1, 0, 0]
"Galaxy": [0, 5, 1, 0]
"Breaker": [0, 2, 0, 0]
"Gold/Black": [0, 0, 1, 0]
"Pantree": [1, 0, 0, 0]
"Health": [1, 0, 1, 0]
"Friends": [0, 1, 0, 0]
"Combi": [0, 0, 2, 0]
"Navy/White": [1, 1, 1, 0]
"smooth": [0, 0, 1, 0]
"Matcha": [1, 0, 0, 0]
"Sunglasses": [2, 0, 9, 0]
"10.1"": [0, 6, 0, 0]
"Cotton": [2, 3, 5, 0]
"Wi-Fi": [0, 0, 6, 0]
"Tablet": [0, 2, 2, 0]
"Grinding": [1, 0, 0, 0]
"APP-Link": [0, 0, 1, 0]
"Fashionistas": [0, 0, 2, 0]
"Spoon": [1, 0, 0, 0]
"Wallet(PINK": [0, 0, 1, 0]
"size": [0, 0, 1, 0]
"Infants": [0, 0, 1, 0]
"Gypsy": [0, 1, 0, 0]
"Microwave": [0, 1, 1, 0]
"Slip": [1, 0, 1, 0]
"Hose": [0, 6, 1, 0]
"TONIC": [0, 0, 1, 0]
"Candy": [1, 0, 0, 0]
"TWO": [1, 1, 0, 0]
"BCRMSPF": [0, 0, 1, 0]
"AS": [0, 0, 9, 0]
"Three": [0, 3, 2, 0]
"GO": [3, 0, 2, 0]
"Silver": [15, 9, 43, 4]
"ft": [1, 7, 1, 1]
"Plant": [1, 0, 0, 0]
"Technica": [0, 0, 0, 1]
"EDITION": [0, 0, 1, 0]
"5)": [2, 0, 2, 0]
"18": [1, 0, 0, 0]
"brands": [2, 0, 0, 0]
"1.5": [1, 1, 0, 0]
"3.0": [0, 1, 1, 0]
"Small": [0, 1, 2, 0]
"Keyboard": [1, 10, 1, 0]
"Tier": [0, 2, 0, 2]
"Driving": [0, 0, 1, 0]
"Slicer": [1, 0, 0, 0]
"Lil": [0, 1, 0, 0]
"M": [6, 4, 4, 1]
"Regular": [1, 0, 11, 2]
"Coating": [0, 1, 0, 0]
"Sachets": [0, 0, 4, 0]
"Colander": [0, 0, 1, 0]
"Puppy": [0, 1, 1, 1]
"Cropped": [0, 0, 2, 0]
"G-JUNE": [2, 0, 0, 0]
"Daidora": [1, 0, 0, 0]
"Therapy": [0, 2, 1, 0]
"Decor": [0, 0, 2, 0]
"Pacifier": [0, 0, 2, 0]
"with&nbsp": [1, 0, 0, 0]
"Dual": [10, 1, 21, 0]
"OIL": [2, 0, 1, 0]
"Hand": [3, 0, 0, 0]
"Ashton": [0, 0, 1, 0]
"BLOOM": [1, 0, 0, 0]
"G": [14, 7, 18, 5]
"blue": [0, 0, 1, 0]
"32"": [0, 0, 0, 2]
"Laser": [1, 0, 3, 0]
"proof": [0, 0, 2, 0]
"2.7"": [0, 0, 1, 0]
"Mop-X": [0, 1, 0, 0]
"Inflatable": [0, 0, 1, 0]
"Empire": [0, 0, 3, 0]
"Rectangular": [0, 0, 2, 0]
"Shoulder(Dahlia": [0, 0, 2, 0]
"Morph": [0, 2, 0, 0]
"Ipro-tect": [0, 0, 1, 0]
"SAN": [4, 1, 9, 0]
"Analogue": [0, 1, 0, 0]
"Electrician's": [0, 0, 1, 0]
"IXO": [0, 1, 0, 0]
"Gray": [8, 5, 23, 0]
"Low": [0, 0, 19, 0]
"Back(Bridal": [0, 0, 1, 0]
"Diesel": [0, 0, 1, 0]
"PEACH": [1, 0, 0, 0]
"FREEBoschShirt": [0, 0, 1, 0]
"Soup": [0, 2, 0, 0]
"Damage": [0, 0, 1, 0]
"Fryer": [0, 0, 1, 0]
"Path": [0, 0, 1, 0]
"2.7": [0, 0, 1, 0]
"Mat": [2, 0, 0, 0]
"Crunch": [0, 0, 1, 0]
"FALL": [1, 0, 2, 0]
"SP": [0, 0, 1, 0]
"G-VINCI": [3, 0, 0, 0]
"Iron": [2, 0, 2, 0]
"GSR": [0, 2, 1, 0]
"Multi-Purpose": [1, 1, 2, 0]
"Buster": [1, 0, 1, 0]
"Mid": [0, 0, 4, 0]
"Moonlight": [0, 0, 1, 0]
"Torx": [0, 0, 1, 0]
"Halo": [0, 0, 1, 0]
"Tone": [0, 4, 6, 0]
"Time": [0, 2, 0, 0]
"Short": [1, 0, 15, 0]
"PC": [0, 1, 0, 0]
"Cologne": [1, 0, 1, 0]
"Animal": [0, 0, 1, 0]
"Crystallite": [0, 0, 1, 0]
"Ginger": [1, 0, 2, 0]
"Thread": [0, 3, 0, 0]
"Dish": [0, 1, 0, 1]
"Bookshelf": [0, 1, 0, 0]
"365": [0, 3, 0, 0]
"XL": [1, 1, 3, 3]
"FS": [0, 0, 1, 0]
"HWIC": [0, 0, 1, 0]
"BEAUTYLABO": [0, 0, 1, 0]
"Non-Stick": [2, 2, 1, 0]
"Organizer": [1, 7, 7, 0]
"cache": [0, 1, 0, 0]
"Shutter": [0, 0, 2, 0]
"SPF": [0, 0, 8, 0]
"Mega": [2, 0, 6, 0]
"Utensils": [1, 1, 1, 0]
"Burner": [0, 0, 3, 0]
"V-Line": [0, 0, 1, 0]
"GDlite": [1, 0, 1, 0]
"TM": [0, 1, 0, 0]
"Chinese": [0, 2, 2, 0]
"Calvin": [1, 0, 2, 0]
"Earphones": [2, 0, 9, 0]
"Ride-on": [0, 1, 0, 0]
"Four": [1, 1, 0, 0]
"Multi": [1, 4, 2, 0]
"Moisture": [1, 0, 3, 0]
"Reversible": [0, 0, 1, 0]
"Cellophane": [0, 0, 1, 0]
"Plunger": [1, 0, 0, 0]
"Auto": [0, 1, 3, 0]
"Crawl": [1, 0, 1, 0]
"Gathered": [0, 0, 2, 0]
"550": [0, 0, 2, 0]
"Maroon": [0, 0, 5, 0]
"Baellerry": [0, 0, 3, 0]
"Vegetable": [0, 0, 3, 1]
"6.5": [1, 0, 0, 0]
"Bliss": [1, 0, 0, 0]
"Finger": [0, 0, 1, 0]
"Soccer": [1, 0, 0, 0]
"Benetton": [0, 0, 1, 0]
"Mirror": [0, 0, 1, 0]
"24/7": [0, 0, 1, 0]
"virtual": [0, 1, 0, 0]
"Sensitive": [1, 0, 0, 0]
"Snorkeling": [0, 1, 0, 0]
"Radiant": [0, 0, 1, 0]
"Quick": [0, 0, 2, 0]
"Strip": [0, 0, 2, 0]
"Unic": [0, 1, 1, 0]
"Cayenne": [0, 0, 2, 0]
"Coffee": [4, 0, 4, 0]
"Hibachi": [0, 1, 0, 0]
"Play": [1, 1, 6, 0]
"Fila": [3, 39, 6, 0]
"Deeply": [0, 0, 1, 0]
"Solid": [1, 6, 4, 0]
"Mind": [0, 2, 0, 0]
"Ashley": [1, 0, 5, 0]
"Bayern": [0, 0, 1, 0]
"CONTROL": [1, 0, 2, 0]
"Decorating": [1, 1, 1, 0]
"Drive": [0, 2, 18, 1]
"Puppet": [0, 0, 1, 0]
"Suit": [0, 2, 0, 0]
"Window": [0, 2, 1, 1]
"Scanner": [1, 0, 0, 0]
"Stocks": [0, 0, 1, 0]
"Hot": [0, 1, 4, 0]
"Toiletries": [0, 1, 0, 0]
"24"": [2, 0, 0, 2]
"Breathing": [0, 1, 0, 0]
"spoon": [0, 0, 1, 0]
"Lavender": [3, 3, 0, 0]
"Gauloises": [0, 0, 1, 0]
"Fluo": [1, 0, 0, 0]
"take": [1, 0, 0, 0]
"Edifier": [0, 2, 1, 0]
"Foam": [0, 0, 1, 0]
"Tan": [0, 0, 3, 0]
"Force": [0, 0, 1, 0]
"Covers": [0, 0, 2, 0]
"Subdial": [0, 0, 2, 0]
"Mesh": [1, 4, 1, 0]
"Grinder": [2, 1, 1, 0]
"Foot": [0, 3, 3, 0]
"Tea": [5, 1, 3, 0]
"E": [2, 4, 4, 0]
"iPhone": [1, 0, 1, 0]
"Boost": [1, 0, 3, 0]
"Gardenia": [0, 0, 1, 0]
"CareLeaf": [0, 0, 1, 0]
"Surprise": [2, 0, 0, 0]
"Impact": [0, 1, 2, 0]
"up": [0, 3, 1, 0]
"Duvet": [0, 2, 0, 0]
"Canvas": [0, 0, 4, 0]
"Fukuda": [0, 1, 0, 2]
"Juicer": [0, 5, 2, 0]
"Playstation": [0, 0, 1, 0]
"Silk": [0, 0, 7, 0]
"BoschShirt": [0, 0, 1, 0]
"NB": [0, 1, 0, 0]
"Lamp": [0, 1, 5, 0]
"(55-19)": [0, 0, 1, 0]
"Bloody": [0, 5, 0, 0]
"GWS": [1, 0, 0, 0]
"Erase": [0, 0, 2, 0]
"Nectar": [0, 0, 2, 0]
"Roll-On": [2, 0, 3, 0]
"Cut": [0, 0, 2, 0]
"Expandable": [0, 7, 1, 1]
"Born": [1, 0, 0, 0]
"Heron": [0, 3, 0, 0]
"Ventilation": [0, 2, 1, 0]
"Sugar": [1, 1, 1, 0]
"Boys": [0, 1, 2, 0]
"Active": [4, 0, 7, 2]
"FOR": [0, 0, 1, 0]
"Tool": [0, 1, 2, 0]
"501": [0, 0, 1, 0]
"Geneva": [0, 0, 15, 0]
"Early": [0, 0, 2, 0]
"Zoom&nbsp": [1, 0, 1, 0]
"Pusher": [0, 0, 0, 1]
"Ball": [1, 0, 0, 0]
"Floating": [0, 0, 1, 0]
"Cln": [5, 0, 1, 0]
"Grip": [0, 0, 1, 0]
"York": [0, 0, 1, 0]
"Gold/White": [0, 0, 3, 0]
"Shea": [1, 0, 1, 0]
"steel": [8, 0, 16, 0]
"Stripes": [1, 0, 11, 0]
"Xlite": [0, 7, 0, 0]
"Bar": [0, 0, 5, 2]
"Walker": [1, 0, 1, 3]
"Exfoliating": [0, 0, 2, 0]
"Alloy": [0, 0, 12, 0]
"2,": [0, 0, 3, 0]
"Sauna": [0, 2, 1, 1]
"Chocolate": [3, 1, 1, 0]
"Battery": [10, 4, 2, 0]
"Trainer": [0, 0, 1, 0]
"mL": [1, 1, 2, 0]
"Pack": [10, 10, 55, 10]
"Lipsticks": [0, 0, 3, 0]
"Months": [0, 0, 1, 0]
"GDLITE": [0, 1, 0, 0]
"HIM": [0, 0, 1, 0]
"Dell": [0, 1, 0, 0]
"Mood": [0, 0, 1, 0]
"Mp": [0, 0, 1, 0]
"Bosch": [12, 7, 13, 0]
"GOLD": [0, 0, 2, 0]
"TRIPLE": [0, 0, 2, 0]
"Spherone": [0, 2, 0, 0]
"13"": [0, 0, 1, 0]
"Rotary": [0, 1, 0, 0]
"Snow": [2, 0, 1, 0]
"Mixing": [0, 0, 1, 0]
"Giotto": [0, 0, 1, 0]
"62": [0, 1, 1, 0]
"Cherry": [16, 7, 24, 0]
"Alice": [0, 0, 2, 0]
"FRESH": [3, 0, 3, 0]
"Weave": [0, 1, 5, 0]
"Electric": [6, 14, 6, 0]
"SLY": [4, 4, 5, 0]
"Uniband": [3, 0, 0, 0]
"Straight": [0, 0, 6, 0]
"AK": [0, 0, 8, 0]
"Andrea": [0, 0, 1, 0]
"Microphone": [1, 0, 0, 0]
"J-KYOTO": [0, 1, 0, 0]
"Tunic": [0, 0, 7, 0]
"BLUE": [0, 0, 1, 0]
"Cordya": [0, 5, 0, 0]
"(20": [0, 0, 1, 0]
"Chamois": [0, 0, 1, 0]
"90": [0, 0, 1, 0]
"Warmer": [0, 0, 2, 0]
"TSA": [0, 0, 1, 7]
"Colllegiate": [0, 1, 0, 0]
"ANTI-DANDRUFF": [0, 0, 1, 0]
"Record": [0, 1, 0, 0]
"seed": [0, 0, 1, 0]
"10'": [0, 0, 1, 0]
"Display&nbsp": [0, 0, 1, 0]
"Grill": [2, 2, 6, 0]
"14â€": [0, 0, 2, 0]
"Orange": [1, 1, 8, 1]
"Navy": [3, 0, 16, 0]
"BAL": [0, 0, 1, 0]
"Toaster": [0, 1, 0, 0]
"BA": [0, 0, 3, 0]
"Gaming": [1, 10, 1, 0]
"SHAMPOO": [6, 0, 5, 0]
"Tablets": [1, 0, 3, 0]
"Golden": [0, 0, 2, 0]
"FD": [0, 0, 1, 0]
"Airpot": [0, 1, 0, 0]
"Blades": [4, 0, 0, 0]
"Electronic": [1, 1, 14, 0]
"Action": [3, 1, 6, 0]
"Lagoon": [0, 0, 1, 0]
"(56-21)": [0, 0, 1, 0]
"Eole": [0, 0, 5, 3]
"Get": [4, 3, 11, 0]
"TUB": [0, 0, 2, 0]
"Knitted": [0, 0, 8, 0]
"Skin": [6, 2, 14, 0]
"Artisan": [1, 0, 0, 0]
"GEMIUS": [0, 0, 3, 0]
"Exotic": [0, 0, 1, 0]
"Cheetah": [0, 0, 6, 0]
"Mini": [10, 12, 19, 0]
"Instinct": [0, 0, 1, 0]
"Suitcase": [0, 0, 1, 1]
"Blast": [0, 0, 1, 0]
"Toys": [0, 2, 0, 0]
"Wiper": [4, 0, 0, 0]
"WASH": [7, 1, 5, 0]
"Shot": [0, 1, 0, 0]
"de": [3, 1, 5, 0]
"Messenger": [1, 0, 0, 0]
"LYM": [0, 0, 1, 0]
"Machine": [3, 9, 5, 0]
"sPack": [0, 0, 1, 0]
"Omega": [1, 0, 1, 0]
"AHIC": [0, 0, 1, 0]
"Waterproof": [1, 2, 12, 0]
"Fantasies": [1, 0, 0, 0]
"Animals": [0, 0, 1, 0]
"Corelle": [0, 2, 0, 0]
"Nocturnal": [1, 0, 0, 0]
"Body": [21, 3, 39, 0]
"AL-SND": [0, 1, 0, 0]
"Shower": [0, 1, 0, 0]
"Temptation": [0, 0, 1, 0]
"360": [0, 1, 1, 0]
"Gentlease": [1, 0, 0, 0]
"Security": [0, 1, 2, 0]
"S": [5, 3, 11, 0]
"Defining": [1, 0, 0, 0]
"Bike": [0, 1, 0, 0]
"Knight": [0, 0, 1, 0]
"Ferrari": [1, 0, 0, 0]
"Peeler": [2, 1, 0, 0]
"230": [0, 0, 1, 0]
"Full(Double": [0, 1, 0, 0]
"Techsun": [1, 3, 0, 0]
"(57-16)": [0, 0, 1, 0]
"W": [2, 3, 11, 0]
"Sexy": [0, 0, 1, 0]
"Layer": [0, 3, 0, 1]
"Pet": [0, 2, 2, 0]
"BES": [0, 2, 0, 0]
"White/Gray": [0, 0, 1, 0]
"Fitted": [0, 0, 2, 0]
"Trending": [0, 0, 1, 0]
"Lite": [6, 4, 3, 0]
"T": [1, 1, 3, 1]
"Jelly": [1, 3, 2, 0]
"Wars": [0, 0, 2, 0]
"LR": [0, 0, 1, 0]
"Stretch/Lowrise": [0, 0, 2, 0]
"Lens": [1, 0, 3, 0]
"Output": [0, 0, 1, 0]
"Motorcycle": [6, 0, 1, 0]
"Panties": [1, 0, 1, 0]
"Purple": [2, 2, 11, 1]
"Artificial": [0, 1, 1, 0]
"Brands": [2, 0, 0, 0]
"Performance": [0, 1, 0, 0]
"Solar": [2, 1, 11, 0]
"Cassey": [0, 1, 0, 0]
"Player": [1, 4, 1, 0]
"Binder": [0, 0, 1, 0]
"Mauve": [0, 0, 1, 0]
"Khaki": [0, 0, 2, 0]
"Solo": [0, 0, 1, 0]
"Eyes": [0, 0, 2, 0]
"Adapter": [0, 0, 1, 0]
"Multi-function": [0, 1, 0, 0]
"mAH": [0, 0, 1, 0]
"View": [0, 0, 1, 0]
"Strappy": [3, 1, 1, 0]
"WatchLA": [0, 0, 1, 0]
"MW": [1, 0, 0, 0]
"Credit": [0, 1, 1, 0]
"Cam,Dashboard": [0, 0, 1, 0]
"Alpha": [0, 3, 0, 0]
"Fruity": [1, 0, 0, 0]
"5200": [1, 0, 0, 0]
"DRY": [0, 0, 1, 0]
"Capsules": [1, 0, 1, 0]
"Fisher": [0, 1, 0, 0]
"SF": [1, 1, 0, 2]
"Feet": [0, 0, 1, 0]
"AHCM": [0, 1, 0, 0]
"GARD": [1, 0, 1, 0]
"Rosy": [0, 0, 2, 0]
"0092": [1, 0, 0, 0]
"Twist": [0, 0, 7, 0]
"Studded": [1, 0, 2, 0]
"Large": [2, 0, 8, 2]
"16"": [1, 0, 0, 2]
"Acid": [0, 0, 18, 0]
"Jersey": [0, 0, 4, 0]
"12": [0, 2, 5, 0]
"MG": [0, 0, 1, 0]
"TB": [0, 1, 4, 0]
"Cup": [0, 0, 3, 0]
"New": [2, 1, 1, 0]
"Lint": [0, 0, 1, 0]
"Clickbeat": [0, 0, 0, 1]
"Viridian": [0, 0, 1, 0]
"Core": [6, 3, 10, 0]
"Sweet": [0, 0, 1, 0]
"Monitoring": [0, 0, 1, 0]
"Replacement": [0, 0, 2, 0]
"22": [0, 0, 1, 0]
"Ornament": [0, 1, 0, 0]
"Minnie": [0, 1, 0, 0]
"Bedsheet": [0, 26, 4, 0]
"Kisses": [0, 0, 1, 0]
"Burning": [1, 0, 0, 0]
"Nano": [0, 0, 1, 0]
"Toddler": [0, 0, 0, 2]
"Apricot": [1, 0, 0, 0]
"2.1": [0, 4, 1, 0]
"Crystals": [1, 0, 2, 0]
"RavenBlack": [0, 1, 0, 0]
"BT": [1, 0, 1, 0]
"Virtual": [0, 3, 0, 0]
"MANGOSTEEN": [0, 0, 1, 0]
"Inspiron": [0, 1, 0, 0]
"Saver": [0, 0, 3, 0]
"tone": [3, 0, 7, 0]
"Brief": [0, 0, 2, 0]
"Card": [0, 2, 2, 0]
"Sunblock": [0, 0, 1, 0]
"Float": [0, 0, 1, 0]
"Flower": [0, 0, 1, 0]
"Outerwear": [0, 0, 1, 0]
"Pea": [0, 0, 1, 0]
"VNAI": [0, 0, 1, 0]
"Airmax": [0, 0, 1, 0]
"Badminton": [1, 0, 0, 0]
"forev": [1, 0, 0, 0]
"SIM": [2, 1, 0, 0]
"Hipster": [0, 0, 2, 0]
"Maker": [0, 4, 0, 0]
"FPS": [0, 0, 2, 0]
"Catch": [1, 0, 0, 0]
"Compartment": [0, 0, 3, 0]
"Anklet": [0, 0, 2, 0]
"Medium": [1, 1, 8, 0]
"Lilac": [0, 0, 4, 0]
"Computer": [0, 0, 1, 0]
"Caspian": [0, 1, 0, 0]
"by": [1, 2, 25, 0]
"Nylon": [0, 2, 1, 0]
"TYPE": [0, 0, 2, 0]
"DMFMS": [0, 2, 0, 0]
"Opal": [0, 1, 0, 0]
"Tooth": [0, 0, 1, 0]
"Care": [5, 1, 3, 1]
"Flexible": [0, 3, 1, 0]
"Heeled": [2, 0, 0, 0]
"COB": [0, 0, 1, 0]
"Bed": [0, 0, 1, 0]
"MTP-V": [7, 0, 6, 0]
"Matifiante": [1, 0, 0, 0]
"Assist": [0, 0, 0, 2]
"Cuts": [1, 0, 0, 0]
"Top": [1, 3, 8, 0]
"Frame/Blue": [0, 0, 1, 0]
"All-In": [0, 0, 0, 3]
"Team": [0, 0, 1, 0]
"ECO": [2, 0, 0, 0]
"Columbia": [3, 13, 15, 0]
"57/20": [0, 0, 0, 2]
"ASCF": [0, 0, 1, 0]
"Atago": [0, 1, 0, 0]
"CH": [1, 0, 0, 0]
"Adapter(White": [0, 2, 0, 0]
"WatchAW": [0, 0, 1, 0]
"Dermoscience": [0, 0, 1, 0]
"Bulb": [0, 0, 5, 0]
"Kameo": [0, 5, 0, 0]
"Interactive": [0, 0, 1, 0]
"Blue/Black": [0, 0, 2, 0]
"Bottle": [4, 5, 11, 0]
"Blue/Razzle": [0, 2, 0, 0]
"Peeling": [0, 0, 2, 0]
"Elizabeth": [3, 1, 2, 0]
"Patterns": [0, 1, 0, 0]
"In-Ear": [0, 0, 2, 0]
"NBA": [0, 0, 1, 0]
"Blush": [0, 0, 2, 0]
"Old": [0, 0, 1, 0]
"ISG": [0, 1, 0, 0]
"Loading": [0, 0, 1, 0]
"14"": [0, 0, 7, 0]
"Newborn": [0, 0, 2, 1]
"Dew": [0, 0, 1, 0]
"Epson": [0, 0, 4, 0]
"DTV": [2, 1, 0, 0]
"Soda": [0, 0, 1, 0]
"Heat": [1, 0, 1, 0]
"UC": [0, 1, 1, 0]
"Restoraderm": [0, 0, 1, 0]
"Porous": [0, 1, 0, 0]
"G-ALEYA": [1, 0, 0, 0]
"Creamy": [1, 0, 0, 0]
"236": [2, 0, 0, 0]
"Odor": [0, 0, 1, 0]
"Melon": [1, 1, 2, 0]
"blossom": [0, 0, 1, 0]
"Washer": [1, 0, 3, 0]
"Nutrium": [0, 0, 1, 0]
"Avocado": [0, 1, 0, 0]
"SSD": [0, 0, 1, 0]
"I-THYME": [1, 0, 0, 0]
"Rectagular": [0, 0, 1, 0]
"ROM": [6, 0, 0, 0]
"B-DARYA": [0, 0, 3, 0]
"SY": [0, 0, 1, 0]
"Blazing": [0, 0, 2, 0]
"Fashion": [0, 2, 9, 0]
"JJ": [1, 0, 0, 0]
"Mass": [1, 0, 0, 0]
"FM": [2, 1, 2, 0]
"Bakeware": [0, 2, 0, 0]
"Touch": [1, 0, 3, 0]
"Soother": [0, 0, 1, 0]
"Batteries": [0, 1, 2, 0]
"Baelerry": [0, 0, 1, 0]
"Keypad": [0, 0, 1, 0]
"6)": [0, 1, 0, 0]
"Bag": [1, 9, 33, 0]
"Realistic": [0, 0, 1, 0]
"WHITENING": [0, 0, 1, 0]
"Ambipur": [2, 0, 1, 0]
"Black/Neon": [0, 0, 1, 0]
"Wooden": [0, 0, 1, 0]
"Confidence": [1, 0, 2, 0]
"O/S": [0, 0, 1, 0]
"Shockproof": [0, 0, 4, 0]
"GKC": [0, 1, 0, 0]
"Sorter": [0, 1, 0, 0]
"Cold": [0, 0, 2, 0]
"Rainbow": [1, 0, 0, 0]
"Y": [5, 0, 1, 0]
"Limited": [5, 4, 12, 0]
"Sticker": [0, 0, 1, 0]
"-": [8, 3, 8, 0]
"Skinny": [0, 0, 28, 0]
"Garden": [0, 7, 3, 0]
"Softworks": [0, 0, 1, 0]
"Technology": [0, 1, 7, 0]
"Tough": [0, 0, 1, 0]
"Theme": [0, 0, 1, 0]
"George": [0, 0, 1, 0]
"Bronze": [0, 0, 3, 0]
"Koii": [0, 1, 1, 0]
"Php": [1, 1, 1, 0]
"Magical": [0, 0, 2, 0]
"Cow": [0, 0, 0, 1]
"Simple": [0, 0, 2, 0]
"Premium": [1, 12, 3, 1]
"PD": [0, 0, 2, 0]
"48": [0, 0, 1, 0]
"Gold-plated": [0, 0, 1, 0]
"Wide": [0, 0, 1, 1]
"Ridge": [0, 0, 7, 0]
"Away": [0, 0, 2, 0]
"G-HERMIA": [0, 1, 0, 0]
"Bobson": [3, 1, 25, 0]
"Men/Women": [0, 0, 3, 0]
"Cannon(Sky": [1, 0, 0, 0]
"Travis": [0, 0, 1, 0]
"Handbag": [0, 0, 1, 0]
"Curren": [0, 0, 1, 0]
"Steiner": [0, 0, 9, 0]
"Davis": [0, 0, 0, 1]
"illuminated": [0, 1, 0, 0]
"Sicilian": [0, 1, 0, 0]
"Cosrx": [0, 0, 1, 0]
"Tempered": [1, 0, 4, 0]
"Spot": [0, 0, 3, 0]
"Queen": [0, 2, 0, 0]
"DarkSilver": [0, 1, 0, 0]
"Voile": [0, 0, 1, 0]
")": [0, 0, 5, 0]
"Leisure": [0, 1, 0, 0]
"Racket": [1, 0, 0, 0]
"Zoo": [0, 1, 0, 0]
"Expansion": [0, 0, 0, 2]
"Bean": [0, 0, 1, 0]
"DualOS": [0, 1, 0, 0]
"Sensations": [1, 0, 0, 0]
"Stopwatch": [0, 0, 1, 0]
"Defense": [0, 0, 3, 0]
"Running": [2, 38, 0, 0]
"Aveeno": [0, 0, 7, 0]
"Capacity": [0, 0, 1, 0]
"VITA": [1, 0, 0, 0]
"Shade": [1, 0, 18, 0]
"Beautiful": [0, 0, 1, 0]
"Diver": [0, 0, 1, 0]
"Education": [0, 0, 2, 0]
"Buah": [2, 2, 4, 0]
"Crazy": [0, 0, 4, 0]
"Chicken": [0, 0, 1, 0]
"Processor": [0, 2, 0, 0]
"CHERRY": [2, 0, 0, 0]
"Pampering": [0, 1, 1, 0]
"EMMC": [0, 3, 0, 0]
"Crew": [0, 0, 1, 0]
"Floss": [1, 0, 0, 0]
"Firming": [0, 0, 1, 0]
"Camera/Laptop": [0, 0, 1, 0]
"MTP": [1, 0, 5, 0]
"Klein": [1, 0, 2, 0]
"Mellow": [0, 0, 1, 0]
"Stainless": [16, 5, 35, 0]
"wheels": [0, 0, 2, 4]
"Contouring": [0, 0, 2, 0]
"1.36": [0, 0, 1, 0]
"AHVC": [0, 2, 0, 0]
"Emgo": [0, 0, 1, 0]
"Matte": [1, 0, 4, 1]
"Next": [2, 3, 4, 0]
"MX": [0, 0, 1, 0]
"Bees": [1, 0, 8, 0]
"Feminine": [1, 1, 2, 0]
"LAUNDRY": [0, 0, 1, 0]
"Women": [5, 1, 13, 0]
"Vibro": [0, 1, 0, 0]
"Sword": [1, 0, 0, 0]
"APOLLO": [0, 0, 1, 0]
"Bulaga": [1, 0, 0, 0]
"DOVE": [15, 1, 20, 0]
"B-CYRENE": [0, 0, 2, 0]
"works": [1, 0, 2, 0]
"m": [1, 1, 15, 0]
"AXE": [1, 0, 4, 0]
"i": [0, 0, 1, 0]
"Smashing": [0, 0, 1, 0]
"FL": [1, 0, 0, 0]
"STCK": [0, 0, 1, 0]
"Outgear": [1, 0, 0, 0]
"Me": [1, 0, 4, 0]
"Retina": [1, 0, 2, 0]
"Deluxe": [0, 3, 4, 0]
"Axis": [0, 1, 0, 0]
"Fly": [2, 4, 0, 0]
"Barbie": [0, 0, 10, 0]
"BluetoothSpeaker": [1, 0, 0, 0]
"Details": [0, 0, 1, 0]
"GD": [1, 1, 1, 0]
"Plus": [13, 1, 13, 0]
"Fingerprint": [1, 0, 0, 0]
"Shampoo": [2, 0, 8, 0]
"Pans": [1, 1, 0, 0]
"Lipstick": [0, 0, 3, 0]
"BDY": [2, 0, 1, 0]
"1000": [0, 1, 0, 0]
"Measure": [0, 0, 2, 0]
"Soya": [0, 0, 1, 0]
"RESCUE": [1, 0, 4, 0]
"Delish": [0, 5, 0, 0]
"WiFi": [0, 1, 0, 0]
"plain": [0, 0, 1, 0]
"Christmas": [1, 1, 1, 0]
"Purifying": [0, 0, 1, 0]
"Mens": [0, 2, 2, 0]
"gHz": [0, 4, 0, 0]
"Protector": [2, 4, 5, 0]
"Pocket": [1, 1, 4, 0]
"Berry": [0, 0, 1, 0]
"2.4": [0, 4, 1, 0]
"Bottles": [0, 6, 1, 0]
"DB": [1, 0, 1, 0]
"Evian": [0, 0, 1, 0]
"508(58-13)": [0, 0, 1, 0]
"Econo": [0, 1, 0, 1]
"Butter": [3, 0, 2, 0]
"ESS": [0, 0, 1, 0]
"Notebook": [0, 0, 1, 0]
"Great": [1, 0, 1, 0]
"Cutie": [1, 4, 2, 2]
"Potable": [0, 0, 1, 0]
"Refrigerator": [1, 0, 0, 1]
"Ash": [0, 0, 3, 0]
"7.0": [1, 0, 2, 0]
"MTK": [6, 0, 2, 0]
"Logic": [0, 2, 4, 0]
"sheets": [0, 0, 1, 0]
"Dive": [0, 1, 1, 0]
"2": [16, 16, 29, 2]
"Cutting": [0, 0, 3, 0]
"5": [3, 7, 4, 1]
"Depths": [0, 0, 1, 0]
"52"": [0, 0, 1, 0]
"Beauty": [1, 3, 6, 1]
"3252": [0, 0, 1, 0]
"AA": [0, 0, 1, 0]
"BOBOVR": [0, 2, 0, 0]
"Paisley": [0, 0, 1, 0]
"Signature": [2, 0, 0, 0]
"Glacier": [1, 0, 0, 0]
"Potty": [0, 0, 1, 0]
"Access": [0, 0, 1, 0]
"Alden": [1, 0, 0, 0]
"ZenPad": [1, 0, 0, 0]
"WIN": [0, 0, 1, 0]
"GDR": [0, 0, 1, 0]
"iSAFE": [0, 1, 0, 0]
"Wireless": [2, 0, 7, 2]
"COMFORT": [0, 0, 1, 0]
"andother": [1, 0, 0, 0]
"Crusher": [0, 0, 1, 0]
"Deal": [0, 0, 3, 0]
"Wrist": [0, 0, 2, 0]
"Rear": [2, 0, 3, 0]
"Blonde": [0, 0, 1, 0]
"21"": [1, 0, 0, 0]
"Bambie": [0, 0, 1, 0]
"ROSYWHT": [0, 1, 0, 0]
"LCD": [0, 2, 5, 0]
"Fig": [1, 0, 0, 0]
"1": [11, 8, 27, 4]
"Price": [0, 1, 1, 0]
"Raspberry": [0, 0, 1, 0]
"O": [0, 1, 1, 0]
"XXIV": [0, 0, 8, 0]
"Charger": [0, 2, 5, 0]
"Drain": [1, 0, 0, 0]
"Slap": [1, 0, 0, 0]
"Novelties": [0, 0, 1, 0]
"Banana": [0, 0, 4, 2]
"Phone": [0, 0, 4, 0]
"LTP-V": [1, 0, 5, 0]
"TRX": [0, 1, 0, 0]
"Pole": [2, 0, 0, 0]
"Caviar": [0, 0, 6, 0]
"OXF": [1, 0, 0, 0]
"Spring": [0, 0, 1, 0]
"Applicator": [0, 0, 1, 0]
"VIRGIN": [1, 0, 0, 0]
"Avent": [1, 1, 1, 0]
"pack": [4, 0, 1, 0]
"Alessandra": [0, 0, 4, 0]
"Detergent": [6, 0, 1, 0]
"OR": [0, 0, 1, 0]
"Repelling": [0, 0, 1, 0]
"CKK": [5, 3, 4, 0]
"Infinity": [0, 2, 0, 0]
"Brandon": [0, 0, 1, 0]
"Kanagawa": [0, 0, 1, 0]
"Types": [0, 0, 1, 0]
"Peppermint": [1, 1, 1, 0]
"Beige": [0, 5, 4, 0]
"Violet": [0, 1, 0, 0]
"AHWD": [0, 0, 1, 0]
"Cf": [0, 0, 2, 0]
"japanese": [0, 0, 1, 0]
"DS": [0, 0, 1, 0]
"White)Full": [0, 1, 0, 0]
"Beauche": [0, 0, 1, 0]
"Stripe": [0, 1, 6, 0]
"Fondue": [2, 0, 0, 0]
"Socket": [0, 0, 1, 0]
"AtomQuadCore": [0, 2, 0, 0]
"WCG": [0, 0, 3, 0]
"Of": [3, 1, 1, 0]
"Couple": [0, 0, 1, 0]
"Rain": [0, 0, 0, 2]
"Jaguar": [1, 0, 0, 0]
"BT-K": [0, 2, 0, 0]
"Walking": [0, 1, 2, 0]
"Underarm": [0, 0, 1, 0]
"Hotspot": [0, 0, 1, 0]
"Weighing": [0, 0, 6, 0]
"11": [0, 2, 1, 0]
"Thermal": [0, 0, 3, 0]
"Rice": [1, 3, 1, 0]
"Vintage": [1, 0, 3, 0]
"Gladiator": [0, 0, 1, 0]
"Fountain": [2, 1, 0, 1]
"40": [0, 1, 1, 0]
"DEAL": [0, 0, 1, 0]
"Korean": [0, 0, 1, 0]
"Jump": [0, 3, 0, 0]
"AT": [1, 0, 0, 0]
"MOISTURE": [1, 0, 0, 0]
"mm": [1, 0, 1, 0]
"Multimedia": [0, 3, 2, 1]
"Public": [0, 1, 0, 0]
"Warm": [1, 1, 0, 0]
"Quad": [5, 8, 5, 0]
"Ferrer": [1, 0, 0, 0]
"AHEA": [0, 1, 0, 0]
"G-JADA": [0, 0, 2, 0]
"Prints": [0, 0, 1, 0]
"Robot": [1, 0, 0, 0]
"Pink/White": [0, 0, 1, 0]
"Merah": [2, 1, 4, 0]
"Non-IS": [1, 0, 0, 0]
"Perfect": [0, 0, 2, 0]
"People": [0, 1, 0, 0]
"Accessories": [0, 1, 2, 0]
"Ab": [1, 0, 0, 0]
"Liver": [0, 0, 1, 1]
"Aspen": [0, 0, 2, 0]
"Aspire": [0, 2, 2, 0]
"Shelf": [0, 0, 0, 1]
"Pigment": [0, 0, 0, 3]
"Driver": [0, 1, 0, 0]
"Amp": [0, 0, 1, 0]
"Sparkling": [1, 0, 0, 0]
"HIVIS": [0, 0, 1, 0]
"sounds": [1, 0, 0, 0]
"Duffle": [0, 0, 3, 0]
"Scout": [1, 1, 0, 0]
"Blood": [1, 0, 3, 0]
"Subversive": [0, 0, 1, 0]
"(1": [1, 1, 0, 0]
"Smart": [1, 0, 2, 0]
"Protein": [1, 0, 4, 0]
"ABS-CBN": [2, 0, 0, 0]
"Ana-Digital": [1, 0, 0, 0]
"Capo": [0, 1, 0, 0]
"Chef": [0, 0, 1, 0]
"Zigzag": [1, 0, 0, 0]
"Sensor": [1, 0, 4, 0]
"Pouch": [1, 2, 3, 0]
"LX": [0, 0, 1, 0]
"Inset(Toffee": [0, 0, 1, 0]
"GHz": [6, 1, 3, 0]
"4"": [0, 0, 2, 0]
"Atc": [0, 0, 1, 0]
"Pimple": [0, 0, 1, 0]
"PINK": [1, 0, 1, 0]
"Mousse": [3, 0, 0, 0]
"White)Queen": [0, 1, 0, 0]
"Changing": [0, 0, 1, 0]
"Fat": [1, 0, 3, 0]
"Bianca": [0, 0, 1, 0]
"Vault": [0, 1, 0, 0]
"K": [0, 1, 4, 0]
"Make": [0, 0, 2, 0]
"Jupiter": [0, 0, 1, 0]
"Day": [0, 0, 6, 0]
"POWDER": [0, 0, 1, 0]
"Oontz": [0, 0, 1, 0]
"Tripe": [0, 0, 1, 0]
"Stirring": [4, 0, 1, 0]
"Mix": [1, 4, 2, 0]
"Oversized": [1, 0, 0, 0]
"A-JUDAH": [0, 0, 1, 0]
"7.85"": [0, 1, 0, 0]
"Derm-Grade": [0, 0, 1, 0]
"As": [1, 0, 0, 0]
"Lemon": [0, 0, 1, 0]
"ScrewdriverBits": [0, 1, 0, 0]
"Kneading": [0, 0, 1, 0]
"Ocean": [0, 0, 2, 0]
"Apple": [3, 0, 7, 0]
"Gel": [1, 0, 2, 0]
"CETAPHIL": [0, 0, 3, 0]
"Cooking": [1, 0, 2, 0]
"amp": [6, 4, 12, 0]
"Headphones": [0, 2, 3, 0]
"SBS-A": [0, 1, 0, 0]
"Coconut": [0, 0, 2, 0]
"Inch": [0, 0, 1, 0]
"Handy": [1, 1, 0, 0]
"CERBERUS": [0, 1, 0, 0]
"oz": [7, 1, 10, 0]
"Barley": [0, 0, 1, 0]
"Varsity": [0, 0, 5, 0]
"900": [1, 0, 0, 0]
"Transformer": [1, 0, 0, 0]
"Basketball": [0, 4, 0, 0]
"V.Yellow": [0, 0, 1, 0]
"H-BIMBY": [0, 0, 3, 0]
"Food": [1, 2, 2, 0]
"45": [0, 0, 1, 0]
"Ports": [0, 2, 0, 0]
"Hyper": [0, 0, 1, 0]
"Drill-DIY": [0, 0, 1, 0]
"Lounger": [0, 0, 1, 0]
"15"": [0, 0, 3, 0]
"Iris": [0, 0, 1, 0]
"Selfie": [0, 1, 0, 0]
"4": [12, 13, 16, 6]
"old": [0, 0, 1, 0]
"Modulator": [1, 0, 0, 0]
"(7)": [0, 0, 1, 0]
"Cushion": [1, 0, 2, 0]
"Vacuum": [0, 5, 2, 0]
"Power": [12, 3, 37, 0]
"Back": [3, 1, 10, 1]
"My": [0, 1, 3, 0]
"Vegetables": [0, 1, 1, 1]
"G-DOWNEY": [0, 0, 1, 0]
"Color/Multi": [0, 0, 1, 0]
"Bottom": [0, 1, 0, 0]
"Shape": [0, 1, 1, 0]
"Rack": [8, 5, 0, 2]
"Avantree": [0, 0, 2, 0]
"EQ": [0, 1, 2, 1]
"RED": [0, 1, 1, 0]
"Press": [0, 0, 1, 0]
"Charge": [0, 0, 3, 0]
"Axel": [0, 0, 1, 0]
"ML": [23, 1, 33, 3]
"Tailor": [0, 0, 1, 0]
"Mouse": [0, 3, 1, 0]
"Big": [0, 3, 3, 0]
"Spy": [0, 2, 1, 0]
"Branding": [0, 0, 2, 0]
"Scraping": [0, 0, 1, 0]
"HL": [0, 0, 1, 0]
"Stereo": [0, 2, 2, 0]
"Travel": [1, 0, 5, 0]
"Sided": [0, 0, 1, 0]
"24)": [1, 0, 0, 0]
"Aluminum": [0, 0, 2, 0]
"Android": [6, 2, 2, 0]
"Whey": [0, 0, 2, 0]
"box": [0, 1, 0, 0]
"6023": [0, 1, 0, 0]
"Hawk": [1, 0, 0, 0]
"Multi-Color": [0, 0, 2, 0]
"BP": [0, 0, 3, 0]
"body": [0, 0, 2, 0]
"Girl's": [0, 0, 1, 0]
"DVD/VCD": [0, 2, 0, 0]
"9"": [0, 1, 0, 0]
"Aruba": [0, 0, 2, 0]
"Silver/Brown": [0, 1, 0, 0]
"Jacket": [0, 0, 15, 0]
"Waistband": [0, 0, 2, 0]
"Rucksack": [0, 0, 3, 0]
"Cute": [0, 1, 0, 0]
"Doogee": [2, 0, 0, 0]
"Extractors": [0, 1, 0, 0]
"FEMININE": [0, 0, 1, 0]
"6012": [0, 2, 0, 0]
"Woof": [0, 0, 1, 0]
"Adjustable": [0, 2, 1, 0]
"Cooling": [1, 1, 2, 0]
"Jeans": [1, 0, 13, 0]
"Colored": [0, 0, 2, 0]
"Height": [0, 0, 1, 0]
"Men'sMulti": [0, 0, 1, 0]
"Double": [2, 3, 3, 0]
"DEEPLY": [0, 1, 1, 0]
"AOC": [0, 1, 2, 1]
"Cloth": [0, 0, 2, 0]
"core": [0, 1, 0, 0]
"J": [3, 1, 7, 0]
"Sunrise": [1, 0, 0, 0]
"Slipper": [1, 0, 10, 0]
"Denim/Lowrise": [0, 0, 2, 0]
"Complexity": [0, 1, 0, 0]
"Magnet": [0, 0, 1, 0]
"Fries": [0, 0, 1, 0]
"inch": [6, 0, 3, 0]
"Insignia": [0, 0, 4, 0]
"color": [1, 0, 0, 0]
"Machine(White": [0, 1, 0, 0]
"lights": [1, 0, 0, 0]
"Excercise": [1, 0, 0, 0]
"ENFAMIL": [1, 2, 0, 0]
"SDHC": [1, 0, 0, 0]
"STRAIGHT": [4, 0, 2, 0]
"Vanilla": [2, 1, 1, 0]
"USB": [2, 1, 11, 0]
"Superjelly": [0, 1, 17, 0]
"Royal": [0, 0, 1, 0]
"Homemaker": [1, 1, 1, 0]
"Lighting": [2, 1, 1, 0]
"Dispenser": [2, 1, 6, 0]
"Style": [0, 0, 8, 0]
"Vent": [1, 3, 1, 0]
"plus": [0, 1, 1, 0]
"Choice": [0, 0, 1, 0]
"Robust": [0, 0, 1, 0]
"CONDITIONER": [6, 0, 8, 0]
"Case": [9, 10, 27, 17]
"DTTV": [1, 0, 0, 0]
"Daypack": [0, 0, 1, 0]
"120": [0, 0, 1, 0]
"The": [0, 0, 1, 0]
"Dupe": [0, 0, 2, 0]
"AHDI": [1, 0, 1, 0]
"CHOETECH": [0, 0, 1, 0]
"Beverage": [0, 0, 1, 0]
"CERELAC": [1, 0, 2, 0]
"Orthodontic": [0, 0, 1, 0]
"Ram": [0, 1, 0, 0]
"Creme": [0, 0, 1, 0]
"HP": [0, 0, 2, 1]
"Natural": [2, 1, 4, 0]
"Demitasse": [0, 0, 1, 0]
"Prince": [0, 1, 0, 0]
"worth": [1, 0, 0, 0]
"911": [0, 0, 1, 0]
"Faceless": [0, 0, 1, 0]
"Floor": [0, 1, 0, 0]
"Rock": [0, 0, 1, 0]
"Kyoto": [0, 0, 1, 0]
"G-ICARUS": [0, 0, 1, 0]
"Built-in": [1, 2, 0, 0]
"Kiss": [3, 1, 1, 0]
"GM": [3, 0, 0, 0]
"Working": [0, 0, 1, 0]
"SHEA": [1, 0, 0, 0]
"Leggings": [0, 0, 1, 0]
"Harness": [0, 0, 1, 0]
"Pixma": [0, 0, 2, 6]
"Mug": [5, 0, 1, 0]
"Plush": [2, 1, 1, 0]
"Display": [0, 0, 2, 0]
"H-EULALA": [0, 2, 1, 0]
"Multi-functional": [0, 0, 0, 1]
"Straight-Channing": [0, 0, 1, 0]
"Probiotic": [1, 0, 2, 0]
"Pal": [0, 0, 1, 0]
"Ibira": [0, 1, 0, 0]
"Cardigan": [0, 0, 1, 0]
"Baby": [5, 6, 14, 0]
"Satin": [0, 0, 2, 0]
"10"": [0, 2, 0, 0]
"Conditioner": [2, 1, 13, 1]
"V-Neck": [0, 0, 7, 0]
"Hands-free": [1, 0, 0, 0]
"Lactose": [0, 1, 0, 0]
"Rocket": [1, 2, 0, 0]
"WIFI": [1, 0, 2, 0]
"Field": [0, 0, 1, 0]
"Cannister": [0, 3, 0, 0]
"Juri": [0, 0, 1, 0]
"Angel": [3, 0, 0, 0]
"Alphabet": [0, 0, 1, 0]
"beautiful": [0, 0, 1, 0]
"Chicco": [0, 2, 1, 0]
"Beach": [0, 1, 1, 0]
"Hair": [1, 0, 17, 0]
"78": [0, 0, 1, 0]
"Lock": [0, 0, 1, 1]
"EXP": [0, 0, 0, 1]
"Pen": [0, 0, 2, 0]
"Beater": [1, 0, 0, 0]
"Tapered-Jared": [0, 0, 3, 0]
"Fineblue": [0, 0, 1, 0]
"DEODORANT": [1, 0, 3, 0]
"Dragon": [0, 0, 1, 0]
"Domex": [0, 0, 1, 0]
"Feel": [0, 1, 0, 0]
"Friso": [1, 1, 0, 0]
"Folding": [1, 0, 1, 2]
"Theater": [0, 2, 1, 0]
"Crystal": [1, 0, 1, 0]
"Deep": [0, 1, 5, 0]
"Tangerine": [2, 0, 0, 0]
"18.5â€": [0, 0, 1, 0]
"Cover/Kickstand": [0, 0, 1, 0]
"#14": [0, 0, 1, 0]
"Muscle": [0, 0, 1, 0]
"Formulas": [0, 0, 1, 0]
"Anytek": [0, 0, 2, 0]
"Denim": [1, 0, 29, 0]
"Vest": [0, 0, 1, 0]
"Antracite": [0, 0, 1, 1]
"Newyork": [0, 0, 1, 0]
"LOTION": [2, 0, 2, 0]
"Chamomile": [0, 0, 1, 0]
"Terry": [0, 0, 1, 0]
"THERMAL": [0, 0, 1, 0]
"Teether": [0, 0, 1, 0]
"FPP": [0, 1, 0, 0]
"Fuschia": [0, 0, 2, 0]
"Mg": [0, 0, 1, 0]
"STANDOUT": [3, 0, 0, 0]
"Princess": [1, 0, 1, 0]
"G-IBBIE": [1, 1, 1, 0]
"Evapouration": [0, 0, 5, 0]
"Express": [0, 0, 1, 0]
"BBQ": [1, 2, 1, 0]
"Bold": [0, 0, 1, 0]
"Interphone": [1, 2, 0, 0]
"Soleplate": [0, 0, 1, 0]
"Odour": [0, 0, 1, 0]
"Fleece": [0, 1, 4, 0]
"R": [0, 2, 0, 0]
"Cleansing": [0, 0, 1, 0]
"Climber": [0, 0, 1, 0]
"Fringes": [0, 0, 1, 0]
"Printed": [0, 0, 10, 0]
"Shaper": [0, 0, 3, 0]
"Guitar": [0, 0, 0, 1]
"Talk": [0, 1, 0, 0]
"Steam": [0, 5, 2, 1]
"Surprises": [2, 0, 0, 0]
"1.7": [1, 0, 0, 1]
"Drawstring": [0, 0, 1, 0]
"YSM": [0, 0, 1, 0]
"Effects": [0, 0, 2, 0]
"Figure": [1, 0, 4, 0]
"Receiver": [0, 0, 1, 0]
"Chopper/Chopping": [0, 0, 1, 0]
"Pine": [1, 0, 4, 0]
"SKMEI": [0, 0, 1, 0]
"Fiber": [0, 0, 3, 0]
"Surge": [0, 1, 0, 0]
"Cuff": [0, 0, 2, 0]
"CLEANSE": [0, 0, 1, 0]
"Fairytale": [0, 0, 2, 0]
"E-UMBRIEL": [1, 0, 0, 0]
"GSB": [0, 1, 2, 0]
"Advent": [0, 0, 2, 0]
"2017": [2, 0, 0, 0]
"Plain": [1, 6, 9, 0]
"Refreshing": [1, 0, 0, 0]
"Dispenser/Holder": [0, 1, 0, 0]
"LACTOSE": [1, 0, 0, 0]
"Stage": [2, 0, 0, 0]
"Chaise": [0, 0, 1, 0]
"Snack": [0, 1, 0, 0]
"Neon": [0, 0, 2, 0]
"Buckle": [0, 2, 4, 0]
"EON": [0, 0, 2, 0]
"Wilton": [0, 1, 0, 0]
"LeatherStrapWatch": [0, 0, 1, 0]
"Checkered": [0, 0, 3, 0]
"Botanical": [0, 0, 1, 0]
"Tools": [1, 0, 1, 0]
"Grape": [0, 0, 3, 0]
"16": [0, 0, 2, 0]
"5-100": [1, 0, 0, 0]
"AESOPCOM": [1, 0, 0, 0]
"Heather": [0, 0, 5, 0]
"Hbone": [0, 0, 3, 0]
"Seat": [1, 0, 1, 0]
"Cupcake": [0, 4, 0, 1]
"6": [9, 4, 7, 1]
"Printer": [0, 0, 7, 5]
"Iphone": [2, 0, 0, 0]
"Rise": [0, 0, 17, 0]
"Seafood": [1, 0, 0, 0]
"Cullotes": [0, 0, 1, 0]
"Crony": [0, 4, 1, 0]
"Acoustic": [0, 0, 0, 1]
"Smoby": [0, 1, 0, 0]
"HEES": [0, 1, 0, 0]
"Piano": [0, 1, 0, 0]
"CHIC": [0, 0, 0, 1]
"Footbath": [0, 0, 1, 0]
"Nicer": [1, 0, 0, 0]
"High": [0, 3, 5, 0]
"BROILER": [0, 0, 1, 0]
"Surround": [0, 1, 1, 0]
"SPOT-LESS": [0, 0, 1, 0]
"Charger(Black": [0, 0, 1, 0]
"SSB": [0, 0, 1, 0]
"TK": [0, 0, 1, 0]
"Z": [1, 6, 0, 0]
"Kids": [0, 0, 1, 0]
"Soft": [2, 1, 7, 0]
"Volume": [0, 0, 1, 0]
"Skater": [0, 0, 1, 0]
"YOW": [0, 0, 2, 0]
"Acrylic": [1, 0, 0, 0]
"Stretch": [0, 1, 1, 0]
"ATH-M": [0, 2, 0, 0]
"Oral": [0, 0, 3, 0]
"Military": [0, 0, 5, 0]
"H-LESLIE": [1, 0, 0, 0]
"Cupping": [0, 2, 0, 0]
"19"": [0, 0, 2, 0]
"HF": [0, 0, 1, 0]
"DAMAGE": [1, 0, 2, 0]
"30": [2, 0, 4, 0]
"Shoe": [5, 8, 2, 0]
"bottles": [0, 0, 1, 0]
"Multifunctional": [1, 1, 0, 0]
"Standing": [0, 1, 0, 0]
"SUVs": [0, 1, 0, 0]
"Link": [0, 0, 1, 0]
"for": [9, 13, 30, 0]
"ENLAN": [0, 0, 2, 0]
"Btsp-wp": [0, 0, 1, 0]
"Black/Columbia": [1, 2, 0, 0]
"Boss": [0, 2, 0, 0]
"Color": [0, 2, 8, 0]
"Drum": [0, 2, 0, 0]
"Orchid": [0, 0, 1, 0]
"Chace": [0, 0, 1, 0]
"Layering": [0, 0, 1, 0]
"Gun": [2, 1, 4, 0]
"Swivel": [0, 1, 0, 0]
"Shiatsu": [0, 0, 1, 0]
"CUK-S": [0, 1, 0, 0]
"Pro": [1, 1, 5, 0]
"Baseball": [0, 0, 3, 0]
"G-HENKA": [1, 0, 0, 0]
"Digital": [6, 2, 33, 0]
"Aim": [3, 2, 10, 0]
"Zone": [0, 0, 1, 0]
"Sachet": [0, 0, 1, 0]
"AND": [0, 0, 0, 1]
"Compact": [1, 0, 0, 0]
"door": [0, 0, 1, 0]
"Push": [1, 0, 0, 0]
"Bvlgari": [0, 0, 1, 0]
"1312": [0, 1, 0, 0]
"Plaid": [0, 0, 1, 0]
"Strips": [0, 0, 1, 0]
"H-JESARA": [1, 0, 0, 0]
"Peel": [0, 0, 1, 0]
"Sling": [1, 1, 3, 0]
"Disney": [1, 0, 1, 0]
"State": [0, 0, 1, 0]
"French": [2, 1, 2, 0]
"Freshener": [3, 0, 2, 0]
"194": [0, 0, 1, 0]
"Silver/Black": [0, 1, 2, 0]
"Cordovan": [0, 1, 0, 0]
"Bowl": [0, 2, 0, 0]
"Masonry": [0, 0, 1, 0]
"Etnies": [1, 2, 0, 0]
"Smartphone": [1, 0, 2, 0]
"Above": [0, 0, 1, 0]
"Sandals": [13, 8, 2, 0]
"DVR": [0, 0, 1, 0]
"Calendar": [0, 0, 2, 0]
"Bamboo": [2, 0, 3, 0]
"Gradient": [1, 0, 5, 0]
"Glow": [0, 0, 1, 0]
"Flats": [0, 0, 1, 0]
"Adata": [0, 1, 0, 0]
"Massage": [0, 1, 0, 0]
"PORE": [0, 0, 1, 0]
"7.5": [0, 0, 1, 0]
"BOX": [0, 1, 0, 0]
"Polotees": [0, 0, 8, 0]
"Puzzle": [0, 0, 1, 0]
"Venice": [0, 1, 0, 0]
"EF": [0, 0, 1, 0]
"Spain": [0, 0, 1, 0]
"NOURISHING": [2, 1, 2, 0]
"Alpo": [1, 1, 1, 2]
"BAYANGTOYS": [0, 4, 0, 0]
"Cu": [0, 0, 0, 1]
"Mickey": [0, 0, 1, 0]
"Rouge": [0, 0, 1, 0]
"Feeder": [0, 1, 1, 0]
"E-REGINA": [0, 0, 1, 0]
"Gold": [23, 5, 34, 0]
"Î¦60"": [0, 0, 1, 0]
"Blaze": [0, 2, 0, 0]
"Storm": [0, 0, 1, 0]
"Longsleeves": [0, 0, 1, 0]
"10-12": [0, 1, 0, 0]
"Stun": [2, 1, 3, 0]
"AIm": [1, 0, 1, 0]
"Lighted": [0, 0, 1, 0]
"Collectible": [0, 0, 1, 0]
"Pumps": [1, 0, 1, 0]
"Mist": [4, 1, 0, 0]
"Series": [1, 1, 7, 0]
"Ceiling": [0, 0, 1, 0]
"Wishes": [2, 0, 0, 0]
"Stain": [2, 0, 0, 0]
"Iprotect": [0, 0, 1, 0]
"Steamer": [1, 2, 0, 0]
"Teat": [1, 0, 0, 0]
"Green/Blue": [0, 0, 1, 0]
"MEN": [4, 0, 7, 0]
"Party": [0, 0, 1, 0]
"Floral": [0, 0, 3, 0]
"nbsp;C": [0, 1, 0, 0]
"Computing": [0, 0, 1, 0]
"AE": [3, 0, 4, 0]
"Bone": [0, 1, 0, 0]
"Kingdom": [0, 0, 1, 0]
"Roman": [0, 1, 2, 0]
"Sheets": [0, 0, 1, 0]
"GBDarkSilver": [0, 1, 0, 0]
"Starter": [0, 5, 4, 1]
"Off": [0, 0, 5, 0]
"Pants": [1, 3, 55, 0]
"Cospray": [0, 0, 4, 0]
"Slimming": [6, 2, 9, 0]
"Sedan": [0, 1, 0, 0]
"Brigtening": [0, 0, 1, 0]
"day": [0, 0, 1, 0]
"Nuke": [0, 0, 1, 0]
"DeepCool": [0, 0, 1, 0]
"Earphones/Protective": [0, 0, 1, 0]
"Coty": [0, 0, 1, 0]
"PAPAYA": [2, 0, 0, 0]
"CloudFone": [5, 3, 3, 0]
"the": [0, 0, 1, 0]
"AAA": [3, 0, 1, 0]
"Cable": [0, 0, 4, 0]
"WHTNG": [0, 1, 2, 0]
"Concealer": [0, 0, 1, 0]
"Twin": [1, 1, 1, 0]
"Activa": [0, 0, 1, 0]
"G-CARLEN": [0, 0, 1, 0]
"Risk": [0, 0, 2, 0]
"For": [4, 0, 5, 0]
"Milk": [2, 3, 5, 1]
"of": [25, 40, 61, 7]
"8": [2, 5, 7, 2]
"Powered": [0, 0, 4, 0]
"Ink": [0, 0, 1, 3]
"Dog": [0, 1, 0, 0]
"Jameson": [0, 1, 0, 0]
"Stick": [0, 1, 1, 0]
"Chromebook": [0, 2, 0, 0]
"BODY": [12, 2, 10, 0]
"mah": [7, 1, 6, 0]
"G-Esmee": [2, 0, 0, 0]
"Drinking": [0, 0, 1, 0]
"GLM": [0, 0, 1, 0]
"bottle": [1, 0, 0, 0]
"Ariel": [3, 1, 1, 0]
"DJ": [1, 0, 0, 0]
"Edition": [2, 4, 4, 0]
"Three-Barrel": [1, 0, 0, 0]
"CE": [0, 0, 2, 0]
"Tourister": [0, 0, 0, 2]
"Bobber": [0, 0, 1, 0]
"Inflator": [0, 3, 0, 0]
"72"": [0, 0, 1, 0]
"Pendant": [0, 0, 1, 0]
"Borg": [0, 2, 0, 0]
"Triple": [0, 1, 8, 0]
"sachets/box": [1, 0, 0, 0]
"Paint": [0, 3, 0, 0]
"Extractor": [0, 0, 1, 0]
"Gumball": [1, 0, 0, 0]
"Indigo": [1, 0, 15, 0]
"BX": [0, 1, 1, 0]
"iStick": [0, 0, 1, 0]
"Blossom": [1, 1, 3, 0]
"PCS": [0, 0, 1, 0]
"Samsung": [0, 0, 1, 0]
"Basket": [0, 3, 1, 0]
"20": [0, 0, 5, 0]
"Freego": [1, 0, 120, 0]
"BK": [0, 1, 0, 0]
"LTP": [2, 0, 8, 0]
"Espadrilles": [1, 0, 0, 0]
"Beef": [0, 1, 1, 2]
"Steps": [1, 0, 0, 0]
"light": [0, 0, 1, 0]
"Daily": [1, 0, 5, 0]
"CLEAN": [1, 0, 3, 0]
"Control(Black": [0, 0, 1, 0]
"5.1": [0, 1, 1, 1]
"Slow": [1, 0, 0, 0]
"COCOLINE": [0, 0, 1, 0]
"Gray/White": [0, 1, 0, 0]
"Adhesive": [0, 0, 1, 0]
"AVENE": [0, 0, 1, 0]
"Musk": [1, 0, 0, 0]
"Shortsleeve": [0, 0, 1, 0]
"Trail": [1, 4, 0, 0]
"Cypress": [0, 0, 1, 0]
"Wet": [1, 1, 0, 0]
"Raglan": [0, 0, 1, 0]
"Applink": [1, 0, 0, 0]
"LQ": [1, 0, 6, 0]
"Cloud": [0, 0, 1, 0]
"Dreft": [2, 0, 0, 0]
"Bonne": [1, 0, 1, 0]
"Stevia": [1, 0, 2, 0]
"Fuchsia/Black": [0, 1, 0, 0]
"Trekking": [0, 0, 3, 0]
"Neutralizer": [0, 0, 1, 0]
"A": [7, 16, 26, 0]
"Slim": [3, 2, 51, 10]
"Designed": [0, 3, 0, 0]
"Fan": [0, 0, 2, 3]
"Gift": [4, 7, 4, 0]
"Serum": [0, 0, 1, 0]
"Exodus": [0, 2, 6, 0]
"ETCAM": [0, 1, 0, 0]
"Black/Yellow": [0, 3, 0, 0]
"Radio": [3, 6, 4, 0]
"Ventosa": [0, 2, 0, 0]
"&": [4, 7, 5, 2]
"Brown's": [0, 0, 3, 0]
"Fitflop": [0, 1, 17, 0]
"BBL": [0, 1, 2, 0]
"Anti-Dandruff": [1, 0, 1, 0]
"Cloudpad": [0, 0, 1, 0]
"Baby's": [0, 1, 1, 0]
"Fit": [2, 0, 24, 0]
"Bowties": [0, 0, 1, 0]
"Seen": [1, 0, 0, 0]
"Colorful": [1, 1, 2, 0]
"Tapered": [0, 0, 8, 0]
"Blk/Red": [0, 1, 0, 0]
"Water": [4, 4, 7, 0]
"sachet": [0, 0, 2, 0]
"Lightning": [0, 0, 4, 0]
"Circles": [0, 1, 0, 0]
"Hq": [0, 3, 0, 0]
"Spicy": [0, 0, 2, 0]
"Woven": [1, 0, 11, 0]
"Cutter": [0, 0, 2, 0]
"Ride": [2, 0, 0, 0]
"Tree": [1, 0, 0, 0]
"Better": [1, 0, 1, 0]
"Bathroom": [0, 0, 3, 0]
"Dress": [0, 0, 7, 0]
"Giftset": [0, 1, 0, 0]
"Atom": [0, 2, 0, 0]
"Smoothie": [1, 1, 0, 0]
"Contemporary": [1, 0, 0, 0]
"White/Pink": [1, 0, 0, 0]
"Limo/Gum": [0, 1, 0, 0]
"AT-LP": [0, 0, 0, 1]
"film": [0, 0, 1, 0]
"White/Silver": [0, 2, 0, 0]
"RGB": [1, 0, 0, 0]
"Gas": [0, 0, 3, 0]
"Irrigator": [0, 0, 1, 0]
"Archer": [0, 1, 0, 0]
"Mould": [0, 1, 0, 0]
"QC": [0, 2, 0, 0]
"XFan": [0, 0, 1, 0]
"STF": [0, 0, 0, 1]
"King's": [0, 1, 2, 0]
"200": [1, 0, 2, 0]
"Ares": [0, 1, 0, 0]
"+": [4, 1, 1, 0]
"Shaver": [0, 0, 1, 0]
"Canopy": [0, 0, 0, 2]
"Kid's": [0, 0, 2, 0]
"Kitchen": [2, 2, 4, 1]
"ml": [41, 11, 102, 0]
"Doll": [1, 0, 10, 0]
"cherry": [0, 0, 1, 0]
"Prime": [3, 1, 3, 0]
"Aircraft": [0, 0, 0, 4]
"Walkie": [3, 3, 4, 0]
"DETERGENT": [0, 0, 1, 0]
"Widescreen": [0, 0, 1, 0]
"Elephant": [0, 1, 0, 0]
"Wired": [0, 1, 0, 0]
"Adriatic/Black": [0, 3, 0, 0]
"Chiffon": [2, 0, 4, 0]
"Manhattan": [1, 1, 1, 0]
"Shelving": [0, 0, 0, 1]
"Television": [0, 0, 0, 1]
"Asus": [15, 4, 16, 0]
"Brown/Gold": [0, 0, 1, 0]
"KOJICACID": [0, 0, 1, 0]
"Maubert": [0, 0, 1, 0]
"7": [5, 2, 7, 0]
"StitchingLeather": [0, 0, 1, 0]
"DARK": [1, 0, 0, 0]
"BLACK": [2, 0, 1, 1]
"Iconia": [0, 0, 2, 0]
"Delsey": [1, 3, 16, 18]
"Glowxy": [1, 0, 0, 0]
"Cloudfone": [7, 0, 9, 0]
"Bank": [5, 0, 22, 0]
"Navy/Gum": [1, 1, 0, 0]
"Turn": [0, 1, 0, 0]
"Sea": [1, 1, 3, 0]
"Star": [0, 0, 2, 0]
"WHT": [0, 0, 1, 0]
"Combo": [0, 2, 1, 0]
"Quartz": [0, 0, 2, 0]
"Cherokee": [0, 0, 8, 0]
"Brown/Dark": [0, 0, 1, 0]
"MegaVent": [1, 0, 0, 0]
"San": [2, 0, 0, 0]
"Win": [0, 0, 2, 0]
"G-BRIDGET": [1, 0, 0, 0]
"608": [1, 0, 0, 0]
"Police": [2, 1, 0, 0]
"Dental": [1, 0, 1, 0]
"Suction": [0, 0, 1, 0]
"APN": [0, 0, 1, 0]
"IVORY/STAMP": [0, 0, 0, 1]
"Date": [0, 0, 1, 0]
"Balenciaga": [0, 0, 3, 0]
"Heavy": [0, 0, 1, 0]
"F": [1, 2, 7, 1]
"Toner": [1, 0, 2, 0]
"Set": [24, 53, 56, 1]
"Free": [11, 14, 28, 4]
"TOURISTER": [0, 0, 0, 1]
"Sneakers": [1, 2, 0, 0]
"Midnight": [0, 0, 1, 0]
"Milan": [0, 0, 1, 0]
"IBIR": [0, 1, 0, 0]
"DHC": [0, 0, 1, 0]
"Monitor": [2, 1, 5, 1]
"1.0": [0, 1, 0, 0]
"TOKYO": [0, 0, 0, 1]
"Weight": [0, 0, 1, 0]
"Samurai": [1, 0, 0, 0]
"August": [0, 0, 9, 0]
"BLOODY": [0, 0, 1, 0]
"Mint": [2, 0, 2, 0]
"Milky": [0, 0, 1, 0]
"REPAIR": [2, 0, 4, 0]
"SPIN": [0, 0, 0, 1]
"Sonic": [0, 0, 7, 0]
"Bentley": [0, 0, 4, 0]
"AHCF-ECON": [0, 0, 1, 0]
"to": [0, 4, 3, 0]
"Tumbers": [0, 4, 0, 0]
"Wifi": [1, 0, 0, 0]
"Seller": [0, 1, 0, 0]
"Sofa": [0, 0, 1, 0]
"Navy/Oyster": [0, 1, 0, 0]
"Splash": [0, 0, 5, 0]
"Brite": [0, 0, 1, 0]
"GGQWA": [0, 0, 1, 0]
"Film": [0, 0, 1, 0]
"GTZ": [1, 0, 0, 0]
"MHz": [2, 2, 1, 0]
"Orbitrim": [0, 0, 1, 0]
"Green": [9, 12, 30, 2]
"Fist": [0, 0, 1, 0]
"8.6": [0, 0, 1, 0]
"SMD": [0, 0, 1, 0]
"500": [0, 0, 1, 0]
"Hydration": [0, 0, 5, 0]
"Head": [1, 2, 2, 0]
"BDLOT": [0, 1, 1, 0]
"AOY": [0, 14, 0, 0]
"Bright": [0, 0, 8, 0]
"Combi(Peacock": [0, 0, 1, 0]
"Blue/Green": [0, 0, 1, 0]
"Castle": [0, 0, 3, 0]
"Aerofit": [2, 0, 0, 0]
"Face": [0, 0, 7, 0]
"Caribee": [0, 0, 1, 0]
"591": [0, 0, 1, 0]
"Stroller": [0, 0, 0, 2]
"Microfiber": [0, 0, 1, 0]
"H-JULY": [0, 1, 0, 0]
"Cooker": [0, 3, 1, 0]
"Flip": [1, 2, 0, 0]
"American": [2, 9, 5, 2]
"Whisks": [1, 0, 0, 0]
"Masturbator": [0, 1, 0, 0]
"Comfort": [4, 0, 1, 0]
"Special": [0, 15, 3, 0]
"z": [0, 2, 0, 0]
"SPRAY": [2, 0, 6, 0]
"California": [0, 0, 1, 0]
"Cruset": [0, 0, 1, 0]
"Take": [1, 1, 9, 2]
"Swan": [1, 0, 0, 0]
"Collagen": [0, 0, 2, 0]
"Revel": [1, 0, 0, 0]
"COOL": [1, 0, 0, 0]
"Jabba": [0, 0, 1, 0]
"Analog-Digital": [0, 0, 3, 0]
"H-PHILIS": [0, 3, 0, 0]
"About": [1, 0, 0, 0]
"Alcatel": [4, 0, 3, 0]
"Tumbler": [0, 0, 1, 0]
"Guard": [1, 0, 0, 0]
"Voice-Activated": [1, 0, 0, 0]
"Resolution": [0, 0, 1, 0]
"Gothletic": [0, 0, 5, 0]
"Clipper": [0, 0, 2, 0]
"Yellow/Blue": [0, 0, 1, 0]
"Aftersport": [0, 0, 1, 0]
"UFR": [0, 1, 0, 0]
"Brushed": [0, 0, 2, 0]
"KG": [0, 2, 3, 0]
"Brumisateur": [0, 0, 1, 0]
"Non-denim": [0, 0, 3, 0]
"Single": [0, 1, 3, 0]
"p": [0, 1, 0, 0]
"Abercrombie": [0, 0, 1, 0]
"black": [0, 0, 0, 1]
"VX": [0, 0, 1, 0]
"SLRC": [0, 0, 1, 0]
"IMW": [0, 0, 2, 0]
"processor": [0, 1, 0, 0]
"Works": [9, 1, 7, 0]
"Natsuki": [0, 0, 1, 0]
"Design": [4, 2, 5, 0]
"Topper": [0, 0, 1, 0]
"Cush": [0, 0, 1, 0]
"Ace": [1, 3, 14, 3]
"PoloTees": [0, 0, 2, 0]
"Combat": [0, 1, 0, 0]
"Ventrailia": [0, 2, 0, 0]
"Adamas": [4, 0, 1, 0]
"Kit(White": [0, 2, 0, 0]
"EXFOLIATING": [2, 0, 0, 0]
"Junior": [0, 2, 0, 0]
"Transmitter": [1, 0, 1, 0]
"Lowrise": [0, 0, 2, 0]
"SPRING": [0, 0, 1, 0]
"Sew": [0, 2, 1, 0]
"BETADINE": [0, 0, 1, 0]
"800": [0, 1, 0, 0]
"Chopper": [2, 0, 0, 0]
"Meal": [0, 0, 2, 0]
"Strippers": [0, 0, 1, 0]
"Imperial": [0, 0, 1, 0]
"Brainy": [0, 0, 1, 0]
"5239": [0, 2, 0, 0]
"Belt": [3, 2, 4, 1]
"909": [0, 0, 1, 0]
"Pure": [1, 0, 4, 0]
"StrapWatch": [0, 0, 2, 0]
"Matrix": [0, 0, 1, 0]
"Kicker": [0, 0, 1, 0]
"Quality": [2, 2, 0, 0]
"Morganstar": [0, 1, 0, 0]
"Paul": [0, 0, 1, 0]
"Leisa": [1, 0, 1, 0]
"Hard": [0, 1, 5, 1]
"U": [0, 0, 3, 0]
"Table": [0, 2, 0, 1]
"Clock": [1, 0, 1, 0]
"Irish": [0, 0, 1, 0]
"Tee": [4, 0, 69, 0]
"Fresh": [7, 2, 9, 0]
"8â€": [0, 0, 1, 0]
"Snorlax": [0, 0, 1, 0]
"Pink/Beige": [0, 0, 2, 0]
"Offwhite": [0, 0, 1, 0]
"Fossil": [1, 0, 3, 0]
"101": [0, 0, 1, 0]
"bag": [0, 1, 0, 0]
"Mobile": [16, 8, 24, 0]
"Opening": [0, 0, 1, 0]
"Origonal": [0, 0, 1, 0]
"Container": [0, 0, 1, 0]
"PS": [0, 0, 1, 0]
"Latex": [0, 0, 1, 0]
"Vneck": [0, 0, 2, 0]
"Moisturizer": [0, 0, 3, 0]
"Size": [0, 2, 1, 0]
"Lt.Gray": [0, 0, 1, 0]
"Blackbox": [1, 0, 0, 0]
"in": [1, 5, 17, 0]
"Classic": [3, 0, 9, 0]
"Professional": [2, 3, 0, 0]
"4.0": [0, 2, 0, 0]
"Amazing": [3, 0, 0, 0]
"Bundle": [1, 1, 3, 0]
"Bundles": [0, 0, 1, 0]
"Shortsleeves": [0, 0, 1, 0]
"BLEACH": [0, 0, 1, 0]
"Automatic": [0, 0, 1, 0]
"Saree": [0, 0, 1, 0]
"Drill": [0, 3, 3, 0]
"ENERGIZE": [0, 0, 1, 0]
"Beacon": [0, 0, 5, 0]
"Strectch": [0, 0, 2, 0]
"Paris": [0, 0, 1, 0]
"Blue/Gray": [0, 2, 0, 0]
"XZY": [1, 0, 0, 0]
"Burt's": [1, 0, 8, 0]
"Matt": [0, 0, 1, 0]
"Non": [1, 0, 0, 0]
"Soundworks": [0, 0, 1, 0]
"Function": [0, 0, 2, 0]
"Audio-Technica": [0, 2, 0, 0]
"Akribos": [0, 0, 8, 0]
"Training": [0, 1, 2, 0]
"Wristwatch": [1, 0, 1, 0]
"LM": [0, 0, 1, 0]
"Mouthwash": [5, 2, 3, 0]
"Rodeo": [0, 0, 13, 0]
"Stuffed": [0, 1, 1, 0]
"Coded": [0, 1, 0, 0]
"Fine": [2, 0, 0, 0]
"One": [0, 2, 5, 0]
"Invisible": [0, 0, 1, 0]
"Magnetic": [1, 0, 0, 0]
"140": [0, 0, 1, 0]
"H-JONIE": [0, 4, 0, 0]
"400": [0, 1, 1, 0]
"Pillow": [0, 2, 5, 0]
"CLEAR": [0, 0, 1, 0]
"Mold": [0, 2, 0, 0]
"Mate": [0, 0, 1, 0]
"Eye": [0, 0, 2, 0]
"AHBL": [1, 1, 0, 0]
"Buy": [6, 2, 16, 2]
"Havok": [0, 1, 0, 0]
"Transparent": [0, 0, 2, 0]
"11.6"": [0, 5, 0, 0]
"Shell": [0, 0, 1, 0]
"Bubble": [1, 0, 0, 0]
"Package": [0, 0, 0, 1]
"System": [2, 5, 4, 0]
"Trigo": [0, 3, 0, 0]
"Gluta": [0, 0, 1, 0]
"White": [25, 26, 83, 2]
"Bump": [1, 0, 0, 0]
"Juice": [1, 3, 1, 0]
"D": [3, 18, 1, 0]
"Nourishing": [0, 0, 2, 0]
"Jewel": [0, 0, 2, 0]
"Plate": [0, 1, 0, 0]
"BSPRAY": [1, 0, 0, 0]
"BOSCK": [0, 0, 1, 0]
"Assorted": [0, 1, 2, 0]
"All-in": [0, 0, 0, 1]
"Meat": [1, 1, 1, 0]
"20"/18"": [1, 0, 0, 0]
"Drypers": [0, 1, 16, 5]
"AQT": [0, 0, 3, 0]
"Malibu": [0, 0, 1, 0]
"Cream": [0, 0, 17, 0]
"5.0": [1, 1, 2, 0]
"Connect": [2, 0, 0, 0]
"Standard": [2, 0, 15, 0]
"Pot": [0, 1, 1, 0]
"Chop": [1, 0, 0, 0]
"WATER": [0, 0, 1, 0]
"Pan": [1, 2, 6, 0]
"Silicone": [0, 1, 1, 0]
"k": [0, 0, 1, 0]
"Hammer-Inflation": [0, 1, 0, 0]
"Pro-Gum": [1, 0, 0, 0]
"Gopro": [0, 0, 2, 0]
"100%": [1, 0, 1, 0]
"Waterproof/Breathable": [0, 0, 6, 0]
"ETtab": [1, 0, 0, 0]
"Strap": [28, 2, 103, 0]
"Block": [2, 0, 1, 0]
"Led": [0, 0, 1, 0]
"black/blue": [0, 0, 1, 0]
"AUA": [0, 1, 0, 0]
"Black/Silver": [0, 3, 1, 1]
"Cosmeticare": [0, 0, 1, 0]
"6-12": [1, 1, 0, 0]
"intelligence": [0, 1, 0, 0]
"Aristo": [0, 1, 0, 0]
"Enhancer": [0, 0, 1, 0]
"Knapsack": [0, 0, 1, 0]
"Multi-Functional": [1, 2, 0, 0]
"Impulse": [1, 0, 0, 0]
"Screen": [3, 4, 6, 0]
"Ex": [0, 0, 1, 0]
"Animation": [0, 0, 1, 0]
"Mechanical": [0, 1, 1, 0]
"3)": [2, 0, 2, 0]
"Teeth": [0, 0, 1, 0]
"Powder": [2, 4, 5, 0]
"Double-Pole": [0, 1, 0, 0]
"Antique": [0, 0, 1, 0]
"Watch": [27, 1, 114, 0]
"Salt": [2, 0, 0, 0]
"Umbrella": [0, 0, 1, 0]
"Guyabano": [0, 0, 2, 0]
"Velform": [0, 1, 0, 0]
"LOT": [0, 0, 1, 0]
"Stackable": [0, 2, 0, 0]
"Cambridge": [0, 0, 1, 0]
"Gemius": [0, 0, 1, 0]
"Thermometer": [0, 0, 1, 0]
"ACAI": [0, 0, 1, 0]
"Towel": [0, 0, 1, 0]
"Cu.ft": [1, 0, 0, 0]
"Chestnut": [0, 0, 0, 1]
"Tracker": [0, 0, 1, 0]
"Lightweight": [0, 2, 0, 0]
"withBluetooth(Black": [0, 1, 0, 0]
"It": [0, 0, 1, 0]
"AC": [0, 0, 2, 0]
"refill": [1, 0, 0, 0]
"Brazilian": [0, 0, 1, 0]
"Batter": [0, 0, 1, 0]
"Cordless": [0, 5, 1, 0]
"GPS+GSM": [0, 0, 1, 0]
"Two-Way": [2, 2, 1, 0]
"Ipad": [1, 0, 0, 0]
"Invicta": [0, 0, 1, 0]
"B.S": [0, 0, 1, 0]
"Wash": [8, 2, 20, 0]
"White/Blue": [0, 2, 1, 0]
"Piece": [3, 1, 9, 0]
"Backpack": [0, 5, 16, 0]
"BLONDE": [0, 0, 1, 0]
"PAPAYAKOJIC": [0, 0, 1, 0]
"L": [4, 10, 9, 0]
"Taser": [2, 1, 2, 0]
"1:1": [0, 0, 1, 0]
"NESTLE": [1, 0, 2, 0]
"Perfume": [0, 0, 1, 0]
"Bum": [4, 0, 79, 0]
"Nuclear": [1, 0, 0, 0]
"Smartphones": [0, 3, 0, 0]
"nbsp": [2, 0, 1, 0]
"Infant": [1, 0, 1, 0]
"Stratus": [0, 0, 0, 4]
"Message": [0, 0, 3, 0]
"Aiwa": [0, 0, 1, 0]
"Comfortable": [0, 0, 1, 0]
"Office": [0, 3, 0, 1]
"Error": [0, 0, 1, 0]
"Stainless/Red": [0, 0, 1, 0]
"Soap": [2, 0, 6, 0]
"Jumbo": [0, 1, 3, 1]
"Rechargeable": [3, 3, 7, 0]
"Ultimate": [1, 0, 2, 0]
"CK": [0, 0, 1, 0]
"GLX": [1, 0, 0, 0]
"Pick": [0, 0, 1, 0]
"Hose(up": [0, 1, 0, 0]
"Learning": [0, 0, 1, 0]
"Fabric": [5, 2, 1, 0]
"Test": [0, 0, 1, 0]
"Asahi": [0, 1, 0, 0]
"LA": [1, 0, 3, 0]
"Diapers": [0, 0, 3, 2]
"Coil": [0, 1, 3, 0]
"Self": [4, 0, 2, 0]
"Whisk": [1, 0, 0, 0]
"Japanesse": [0, 0, 1, 0]
"Black/Gray": [0, 3, 0, 0]
"Piston": [2, 0, 1, 0]
"Vibrating": [3, 0, 0, 0]
"Alien": [0, 0, 2, 0]
"True": [0, 0, 3, 0]
"Brown": [7, 2, 26, 0]
"ESKINOL": [0, 0, 2, 0]
"Shark": [0, 0, 1, 0]
"Purse": [0, 0, 2, 0]
"Patterned": [0, 0, 1, 0]
"Input": [0, 0, 1, 0]
"Unit": [0, 2, 0, 0]
"White/Green": [2, 1, 0, 0]
"Darkterror": [0, 0, 1, 0]
"Extra": [4, 1, 3, 0]
"Pool": [0, 4, 19, 0]
"Sewing": [0, 11, 2, 0]
"Accurate": [1, 0, 1, 0]
"Blade": [1, 0, 0, 2]
"JE": [0, 1, 1, 0]
"DotA": [0, 0, 1, 0]
"Herbal": [1, 0, 0, 0]
"pcs": [0, 3, 6, 0]
"DryPantz": [0, 0, 2, 2]
"Over-the": [0, 2, 0, 0]
"Peephole": [0, 0, 2, 0]
"OF": [1, 0, 2, 0]
"Multifunction": [1, 0, 6, 0]
"Homemade": [2, 0, 0, 0]
"Monopod": [0, 1, 0, 0]
"2)": [1, 0, 5, 0]
"Patch": [0, 0, 1, 0]
"Nature": [1, 0, 3, 0]
"BUM": [0, 3, 19, 0]
"capsules": [0, 0, 1, 0]
"Tobi": [1, 0, 0, 0]
"White/Black": [0, 1, 0, 0]
"n": [0, 1, 1, 0]
"Only": [0, 1, 1, 0]
"Microbead": [0, 0, 1, 0]
"Modern": [1, 0, 2, 0]
"Sidewinder": [0, 0, 1, 0]
"Grey": [10, 3, 28, 1]
"Flow": [1, 4, 0, 0]
"Tent": [4, 0, 2, 0]
"Collar": [0, 0, 11, 0]
"Eau": [6, 1, 11, 0]
"Henley": [1, 0, 3, 0]
"PEA": [1, 0, 0, 0]
"Mult-Benefit": [0, 0, 1, 0]
"Toy": [0, 3, 2, 0]
"Ginseng": [0, 0, 1, 0]
"Switch": [0, 3, 0, 0]
"Wardrobe": [0, 2, 0, 0]
"Shimmer": [3, 0, 0, 0]
"Japan": [0, 0, 2, 0]
"Holiday": [1, 3, 0, 0]
"Sorround": [0, 1, 0, 0]
"Protective": [0, 0, 3, 0]
"Slubs": [0, 0, 4, 0]
"Mixer": [1, 4, 0, 0]
"PP": [0, 1, 0, 0]
"Gentle": [3, 2, 5, 0]
"Powerbank": [4, 1, 9, 0]
"Phablet": [5, 0, 0, 0]
"Chuck": [0, 1, 0, 0]
"Pokemon": [0, 0, 1, 0]
"Relieves": [0, 0, 1, 0]
"Stripper": [1, 0, 8, 0]
"Shirt": [3, 0, 24, 0]
"Instax": [0, 0, 1, 0]
"VOLUME": [0, 0, 1, 0]
"Avene": [1, 0, 0, 0]
"PLUS": [2, 0, 0, 0]
"Kissful": [0, 0, 1, 0]
"with": [51, 66, 115, 7]
"Stove": [0, 1, 1, 0]
"Grey/Pink": [0, 1, 0, 0]
"Dinnerware": [0, 2, 0, 0]
"ShockProof": [0, 1, 0, 0]
"MOBILE": [2, 0, 0, 0]
"Earphones/Back": [0, 0, 1, 0]
"Energy": [1, 0, 1, 0]
"Streak": [0, 1, 0, 0]
"Styling": [0, 0, 2, 0]
"Vertical": [0, 1, 2, 0]
"MAKER": [0, 1, 0, 0]
"Rifle": [0, 0, 3, 0]
"mAh": [0, 1, 26, 0]
"COCO": [1, 0, 0, 0]
"Handheld": [0, 0, 1, 0]
"iBox": [0, 1, 0, 0]
"Ukulele": [0, 4, 0, 0]
"080": [1, 0, 0, 0]
"Bande": [0, 4, 0, 0]
"Colony": [0, 4, 0, 0]
"Bjorn": [0, 2, 0, 0]
"Hoodie": [0, 0, 1, 0]
"EXPERT": [0, 0, 2, 0]
"FHSM": [0, 0, 1, 0]
"Promo": [0, 1, 1, 0]
"Multicolor": [7, 4, 11, 0]
"EF-S": [1, 0, 0, 0]
"Mustard": [0, 0, 1, 0]
"68/25": [0, 0, 0, 1]
"Redoxfat": [0, 0, 1, 0]
"FANTASIES": [1, 0, 1, 0]
"BURN": [0, 0, 1, 0]
"BKK": [0, 1, 0, 0]
"Wheat": [1, 0, 0, 0]
"Russian": [0, 0, 1, 0]
"IP": [1, 0, 2, 0]
"April": [1, 0, 1, 0]
"Skillet": [0, 1, 0, 0]
"Bit": [0, 1, 3, 0]
"Continuos": [0, 0, 2, 0]
"Bedding": [0, 1, 0, 0]
"Frozen": [0, 0, 1, 0]
"Luxury": [0, 2, 0, 0]
"Padilla": [0, 0, 1, 0]
"Clifton": [0, 5, 0, 0]
"Supply": [0, 1, 0, 0]
"Enlarger": [1, 0, 0, 0]
"ASUS": [0, 0, 2, 0]
"Atsui": [0, 0, 1, 0]
"merah": [0, 1, 0, 0]
"FWD": [0, 1, 0, 0]
"Tuna": [1, 0, 0, 0]
"Suround": [0, 1, 0, 0]
"Dally": [1, 0, 1, 0]
"Lovely": [0, 0, 1, 0]
"Lishou": [0, 0, 2, 0]
"TECH": [0, 0, 1, 0]
"ZC": [1, 0, 7, 0]
"mist": [0, 0, 2, 0]
"refills": [0, 1, 0, 0]
"Mizmo": [0, 1, 0, 0]
"League": [0, 5, 0, 0]
"XXL": [0, 0, 3, 1]
"Sub-Woofer": [0, 1, 0, 0]
"Hotel": [0, 1, 0, 0]
"new": [0, 1, 0, 0]
"Cetaphil": [3, 1, 5, 0]
"Headset": [0, 0, 2, 0]
"Wire": [0, 0, 0, 1]
"Cooler": [0, 2, 2, 1]
"Red": [9, 13, 35, 1]
"Hanging": [0, 1, 0, 0]
"SWEET": [1, 0, 0, 0]
"Decker": [1, 0, 0, 0]
"Pump": [0, 4, 3, 0]
"SBS": [0, 1, 1, 0]
"Î¦48"": [0, 0, 1, 0]
"Green/Camouflage": [1, 0, 1, 0]
"HY": [1, 0, 0, 0]
"Zour": [0, 2, 0, 0]
"Amira": [0, 0, 1, 0]
"Sport-MRE": [0, 0, 2, 0]
"Orginal": [0, 0, 1, 0]
"Catcher": [1, 0, 0, 0]
"Baofeng": [3, 2, 3, 0]
"RAM": [6, 1, 0, 0]
"8994": [0, 2, 0, 0]
"Naturals": [0, 1, 1, 0]
"Baian": [0, 0, 2, 0]
"Spa": [1, 0, 0, 1]
"Pentium": [0, 0, 1, 0]
"Kho": [0, 1, 0, 0]
"DVD": [0, 2, 0, 0]
"Duty": [0, 0, 1, 0]
"Remote": [0, 6, 4, 0]
"E-Kendra": [1, 0, 0, 0]
"Shed": [0, 0, 1, 0]
"Bleaching": [2, 0, 1, 0]
"III": [1, 1, 0, 0]
"AMERICAN": [0, 0, 0, 1]
"Twinpack": [0, 0, 1, 0]
"Arm": [1, 0, 2, 0]
"Shades": [1, 0, 3, 0]
"Stazione": [0, 1, 0, 0]
"Two-tier": [0, 1, 0, 0]
"Key": [0, 1, 0, 0]
"Japanese": [0, 0, 1, 0]
"Colgate": [10, 2, 16, 0]
"OS": [0, 1, 0, 0]
"Two-Tone": [0, 0, 2, 0]
"Peanut": [2, 0, 0, 0]
"GREEN": [2, 0, 0, 0]
"Canbus": [0, 0, 1, 0]
"Cool": [2, 0, 4, 0]
"Turbo": [0, 2, 0, 0]
"Eureka": [0, 0, 1, 1]
"No": [1, 0, 1, 0]
"CAFFE": [1, 0, 0, 0]
"PIXI": [4, 0, 2, 0]
"Grey/White": [0, 0, 1, 0]
"Net": [0, 1, 1, 0]
"eGo-T": [0, 0, 2, 0]
"Nice": [0, 1, 0, 0]
"BEAUTY": [0, 0, 2, 0]
"Reporter": [0, 1, 0, 0]
"BB": [0, 0, 1, 0]
"Cookware": [0, 5, 0, 0]
"#22": [1, 0, 0, 0]
"Lime": [0, 1, 1, 0]
"Cairo": [0, 0, 1, 0]
"g": [13, 2, 18, 0]
"Elite": [0, 2, 0, 0]
"Downy": [3, 3, 1, 0]
"Blouse": [1, 0, 11, 0]
"gms": [0, 0, 1, 0]
"Dildo": [0, 0, 1, 0]
"Heritage": [2, 9, 5, 0]
"Slushy": [0, 0, 1, 0]
"OZ": [1, 0, 0, 0]
"Essential": [0, 0, 2, 0]
"Copter": [0, 4, 0, 0]
"Facial": [1, 1, 6, 0]
"Cover-White": [0, 2, 0, 0]
"AW": [1, 0, 1, 0]
"Tiger/Brown": [0, 0, 1, 0]
"Indoor": [0, 0, 1, 0]
"With": [2, 1, 11, 1]
"M.Blue": [0, 0, 1, 0]
"BREEZE": [0, 0, 1, 0]
"Black/Gold": [1, 0, 1, 0]
"Work": [0, 1, 0, 0]
"Cleanance": [1, 0, 0, 0]
"Breast": [1, 2, 0, 0]
"Barbecue": [2, 0, 2, 0]
"Dustproof": [0, 1, 3, 0]
"Mixed": [0, 0, 2, 0]
"ONE": [0, 1, 0, 0]
"at": [0, 0, 3, 0]
"DLBP": [0, 0, 1, 0]
"Rosegold": [0, 3, 0, 0]
"Deodorant": [2, 0, 4, 0]
"Remover": [0, 0, 2, 0]
"Life": [0, 0, 3, 0]
"s": [0, 2, 18, 7]
"VITAMIN": [0, 0, 1, 0]
"MONTHS": [1, 2, 0, 0]
"Exponi": [0, 0, 1, 0]
"Nutriblast": [0, 0, 1, 0]
"Adidas": [0, 1, 8, 0]
"Island": [1, 0, 1, 0]
"HSPA": [0, 0, 1, 0]
"Oil": [0, 0, 6, 0]
"Negative": [3, 2, 2, 0]
"Singles": [2, 0, 0, 0]
"Recorder": [0, 0, 2, 0]
"Dremel": [0, 4, 0, 0]
"Washed": [0, 0, 8, 0]
"Turquoise": [0, 1, 1, 0]
"Claw": [0, 1, 0, 0]
"And": [0, 6, 1, 0]
"Pcs": [0, 3, 0, 0]
"58/21": [0, 0, 0, 1]
"Dust": [0, 0, 1, 0]
"kW": [0, 1, 0, 0]
"Lamb": [1, 0, 0, 0]
"Science": [0, 0, 1, 0]
"Beluga/White": [0, 1, 0, 0]
"Whitening": [2, 0, 8, 0]
"GLENDA": [0, 1, 0, 0]
"Fully": [0, 0, 4, 0]
"Bill": [0, 0, 1, 0]
"Music": [0, 0, 3, 0]
"Days": [0, 0, 1, 0]
"CLN": [26, 21, 48, 0]
"Mercury": [0, 1, 0, 0]
"Spray": [3, 1, 18, 0]
"Football": [0, 1, 4, 0]
"Toilet": [1, 0, 1, 0]
"Celeron": [0, 6, 5, 0]
"Soundbar": [0, 2, 0, 0]
"013": [0, 0, 1, 0]
"Black.Silver": [0, 0, 1, 0]
"Peacock": [0, 1, 0, 0]
"Ninja": [0, 0, 1, 0]
"Builders": [0, 0, 1, 0]
"Nude/Peach": [0, 0, 1, 0]
"Crossed": [2, 0, 0, 0]
"Twill": [0, 1, 6, 0]
"Cane": [1, 1, 0, 0]
"Shoulder": [0, 2, 1, 0]
"WatchAQ": [0, 0, 1, 0]
"Hygienic": [0, 1, 0, 0]
"Talkie": [3, 3, 4, 0]
"Door": [1, 1, 1, 0]
"Pest": [0, 0, 1, 0]
"Careful": [0, 0, 1, 0]
"Alarm": [0, 0, 1, 0]
"Alactagrow": [1, 0, 0, 0]
"Quad-core": [0, 0, 1, 0]
"60": [0, 0, 3, 0]
"Sleeves": [0, 0, 15, 0]
"Parfum": [1, 0, 1, 0]
"She": [0, 0, 1, 0]
"Powerbankwith&nbsp": [0, 0, 1, 0]
"Blue/White": [0, 1, 0, 0]
"AQ-S": [0, 0, 2, 0]
"Dove": [4, 2, 16, 0]
"King": [1, 0, 0, 0]
"Light": [4, 6, 24, 1]
"Vinegar": [0, 0, 1, 0]
"Upper": [1, 0, 2, 0]
"Pair": [0, 0, 2, 0]
"Best": [0, 1, 0, 0]
"Calcium": [0, 0, 1, 0]
"B": [2, 6, 4, 0]
"TV": [3, 0, 2, 4]
"Slot": [0, 0, 1, 0]
"Tech": [0, 0, 1, 0]
"Sync": [0, 0, 2, 0]
"Defenders": [0, 0, 1, 0]
"MacBook": [0, 0, 1, 0]
"Headphones(Black": [0, 0, 1, 0]
"Placenta": [0, 0, 1, 0]
"Outdoors": [0, 2, 0, 0]
"TREATMENT": [1, 0, 3, 0]
"Sterilizer": [0, 5, 2, 0]
"E-Table": [0, 1, 0, 0]
"B-DOMENICA": [0, 1, 0, 0]
"Removable": [0, 1, 0, 0]
"piece": [3, 7, 7, 0]
"DEO": [0, 0, 1, 0]
"Pewter": [1, 0, 1, 0]
"UV": [2, 0, 6, 0]
"Periwink": [1, 0, 0, 0]
"Statement": [0, 0, 4, 0]
"Analog": [4, 0, 17, 0]
"Army": [0, 0, 12, 0]
"Flask": [0, 0, 1, 0]
"LRW": [0, 0, 4, 0]
"Omni-Tech": [0, 0, 5, 0]
"Teal": [0, 0, 2, 0]
"W.F": [0, 0, 1, 0]
"Up": [0, 2, 0, 0]
"Sound": [1, 3, 0, 0]
"Patches": [0, 0, 1, 0]
"Dynamics": [0, 0, 1, 0]
"Wood": [0, 0, 1, 0]
"Fuel": [0, 0, 1, 0]
"White/Gold": [1, 0, 2, 0]
"VZ": [0, 0, 1, 0]
"AHTB": [0, 0, 1, 0]
"Complete": [2, 1, 4, 0]
"HUAFENG": [0, 0, 1, 0]
"Projector": [0, 1, 1, 0]
"EKEN": [0, 0, 6, 0]
"Phyto": [0, 0, 1, 0]
"House": [0, 1, 2, 0]
"VANILLA": [0, 0, 1, 0]
"Feeding": [1, 2, 1, 0]
"Supplement": [0, 2, 1, 0]
"Lipodress": [0, 0, 1, 0]
"Synthetic": [0, 0, 3, 0]
"Concert": [0, 4, 0, 0]
"Server": [0, 1, 0, 0]
"Waist": [0, 0, 11, 0]
"Sweets": [2, 0, 0, 0]
"Culture": [0, 0, 1, 0]
"Unisex": [4, 1, 13, 0]
"C-VIENNA": [0, 0, 2, 0]
"Sheer": [1, 0, 0, 0]
"Wrench": [0, 0, 1, 0]
"Mono": [0, 0, 1, 0]
"IPS": [0, 2, 1, 0]
"Adventure": [0, 0, 1, 0]
"Stationary": [0, 1, 0, 0]
"Combination": [0, 0, 4, 0]
"DBC": [0, 0, 1, 0]
"Lollipop": [0, 0, 3, 0]
"HE": [1, 0, 0, 0]
"Inside": [1, 0, 0, 0]
"Knife": [2, 1, 1, 0]
"Cap": [0, 0, 3, 0]
"Shirt(Blue": [0, 1, 0, 0]
"Thenice": [0, 1, 0, 0]
"Go": [7, 8, 1, 0]
"Eggs": [1, 0, 0, 0]
"4.3": [0, 0, 1, 0]
"Front": [3, 0, 4, 0]
"Belo": [0, 0, 9, 0]
"Steering": [1, 0, 0, 0]
"Essence": [0, 0, 2, 0]
"Zenfone": [9, 1, 8, 0]
"Cigarette": [0, 0, 5, 0]
"CCTV": [1, 0, 0, 0]
"Casio": [25, 0, 75, 0]
"Calorie": [0, 0, 1, 0]
"Twilight": [2, 1, 1, 0]
"Olivine": [0, 0, 1, 0]
"Ring": [0, 3, 1, 0]
"Diving": [0, 1, 0, 0]
"Farah": [1, 0, 4, 0]
"Rattle": [0, 2, 0, 0]
"Clean": [1, 0, 3, 0]
"Wallet": [0, 1, 3, 0]
"Non-Denim": [0, 1, 17, 0]
"Storage": [0, 6, 4, 1]
"Carrier": [0, 2, 1, 0]
"Slub": [0, 0, 2, 0]
"61": [0, 1, 0, 0]
"Solution": [0, 1, 1, 0]
"Absorber": [0, 0, 1, 0]
"H-GIANA": [0, 0, 1, 0]
"Egg": [1, 1, 1, 0]
"EOS": [1, 0, 0, 0]
"Keimavgear": [0, 0, 2, 0]
"Tafetta": [0, 0, 1, 0]
"Spice": [0, 1, 0, 0]
"Soothing": [0, 0, 1, 0]
"Toulon": [0, 1, 0, 0]
"H-PORSHA": [0, 0, 1, 0]
"Cleaner": [1, 7, 5, 0]
"Sun": [0, 0, 4, 0]
"Jacket(Pink": [0, 0, 1, 0]
"Suncare": [0, 0, 1, 0]
"Turntable": [0, 1, 0, 1]
"Channel": [0, 0, 1, 0]
"Address": [0, 1, 0, 0]
"H": [0, 4, 19, 0]
"Acne-clearing": [0, 0, 1, 0]
"Full": [2, 0, 3, 2]
"HAIR": [8, 0, 10, 0]
"II": [0, 4, 0, 0]
"game": [0, 0, 1, 0]
"SPA": [0, 0, 1, 0]
"First": [3, 0, 9, 0]
"Crossbow": [0, 0, 1, 0]
"Pedal": [0, 2, 0, 0]
"Coronet": [1, 0, 0, 0]
"Youth": [2, 0, 8, 0]
"Person": [4, 0, 0, 0]
"RBTX": [1, 0, 0, 0]
"LHR": [0, 0, 1, 0]
"FORBAREFEET": [0, 0, 2, 0]
"Stone": [0, 1, 0, 0]
"Graphic": [0, 0, 3, 0]
"Slip-On": [0, 1, 0, 0]
"POUCH": [0, 0, 1, 0]
"0601960": [0, 1, 0, 0]
"COFFEE": [0, 1, 0, 0]
"Dicer": [1, 0, 0, 0]
"Cookies": [0, 0, 1, 0]
"Chopping": [0, 1, 0, 0]
"UPS": [0, 1, 0, 0]
"Celeteque": [0, 0, 9, 0]
"IN": [0, 1, 0, 0]
"Purpose": [0, 2, 0, 0]
"Bula": [2, 0, 0, 0]
"RE": [0, 0, 1, 0]
"Printer(Black": [0, 0, 0, 1]
"Repair": [0, 1, 3, 0]
"Band": [7, 0, 6, 0]
"10": [2, 12, 10, 0]
"Restoring": [0, 0, 1, 0]
"H-MERCEDES": [0, 4, 0, 0]
"3/4": [0, 0, 4, 0]
"Effect": [1, 0, 0, 0]
"SOAP": [0, 0, 4, 0]
"Brown/Black": [0, 0, 1, 0]
"ARMY": [0, 0, 3, 0]
"Pear": [0, 0, 1, 0]
"BUTTER": [1, 0, 0, 0]
"Scuderia": [1, 0, 0, 0]
"Other": [2, 0, 0, 0]
"Tablet&nbsp": [0, 0, 2, 0]
"Tiger": [0, 0, 3, 0]
"Jazz": [0, 2, 0, 0]
"All": [0, 0, 2, 0]
"Cat": [0, 1, 0, 1]
"Numerals": [0, 1, 0, 0]
"Leather": [5, 3, 28, 0]
"Handtools": [0, 1, 0, 0]
"Plastic": [2, 4, 1, 2]
"X": [1, 3, 12, 0]
"Foldable": [0, 0, 1, 0]
"Rage": [0, 0, 1, 0]
"Home": [2, 5, 4, 1]
"VR": [0, 4, 0, 0]
"Curling": [1, 0, 0, 0]
"Resistant": [0, 0, 1, 0]
"Yoga": [1, 0, 0, 0]
"iPad&nbsp": [0, 0, 1, 0]
"Nipple": [1, 1, 1, 0]
"Mbps": [0, 0, 1, 0]
"Ergonomic": [0, 0, 1, 0]
"River": [0, 0, 1, 0]
"Euroo": [0, 1, 1, 1]
"Freesia": [1, 0, 0, 0]
"Shift": [0, 2, 0, 0]
"#13": [0, 0, 1, 0]
"Fortress": [1, 0, 2, 0]
"Attendance": [0, 1, 0, 0]
"Sb": [0, 0, 1, 0]
"Thousand": [2, 0, 0, 0]
"18.5"": [0, 0, 1, 0]
"Bio": [0, 0, 2, 0]
"Castlerock/Black": [0, 2, 0, 0]
"Gamdias": [0, 1, 0, 0]
"Chelsea": [0, 2, 1, 0]
"Basic": [0, 0, 29, 0]
"Modified": [0, 0, 9, 0]
"ACTIVE": [1, 0, 1, 0]
"Sprayer": [0, 3, 0, 0]
"Grasse": [0, 0, 3, 0]
"Bermuda": [0, 0, 1, 0]
"Cardinal": [0, 0, 1, 0]
"Germkill": [0, 0, 1, 0]
"CKJ": [1, 0, 1, 0]
"Enfagrow": [0, 3, 0, 0]
"Burgundy": [1, 0, 0, 0]
"Aid": [0, 0, 2, 0]
"Lip": [1, 0, 2, 0]
"Vita": [2, 0, 6, 0]
"G-CAMPBELL": [0, 1, 0, 0]
"Masculine": [2, 1, 1, 0]
"Optic": [1, 0, 0, 0]
"On": [1, 0, 5, 0]
"15.6"": [0, 1, 2, 0]
"BS": [3, 0, 0, 0]
"Tote": [0, 1, 6, 0]
"Demotech": [0, 10, 0, 0]
"2.0": [0, 1, 0, 0]
"years": [0, 0, 1, 0]
"ADATA": [0, 0, 5, 0]
"Boots": [0, 0, 2, 0]
"SILKY": [1, 0, 2, 0]
"Pique": [0, 0, 2, 0]
"Anti-Blemish": [0, 0, 2, 0]
"Ceramic": [3, 2, 5, 0]
"Lotion": [8, 0, 16, 0]
"Treats": [0, 5, 0, 0]
"BeeFit": [1, 0, 0, 0]
"Brush": [0, 0, 5, 0]
"Shine": [0, 0, 6, 0]
"Black": [54, 51, 185, 16]
"S.S": [0, 0, 1, 0]
"You": [1, 0, 0, 0]
"TREATS": [5, 1, 3, 0]
"TURBO": [0, 0, 1, 0]
"Leather/Cloth": [0, 0, 2, 0]
"ATC": [0, 0, 1, 0]
"FreeLenovoBluetoothKeyboard": [0, 1, 0, 0]
"Dermo": [0, 0, 1, 0]
"Stand": [2, 3, 0, 4]
"Nubuck": [0, 0, 1, 0]
"WITH": [1, 0, 0, 0]
"Beetroot": [0, 0, 3, 0]
"MINIMIZING": [0, 0, 1, 0]
"Navy/Gray": [0, 4, 0, 0]
"Ice": [3, 2, 2, 0]
"Pop-Up": [0, 1, 0, 0]
"Arpenaz": [0, 0, 1, 0]
"Family": [1, 0, 8, 0]
"Enfamil": [1, 0, 0, 0]
"Purely": [0, 0, 1, 0]
"Limo/Stretch": [0, 1, 0, 0]
"may": [1, 0, 0, 0]
"Wedge": [2, 18, 3, 0]
"Sneaker": [0, 1, 0, 0]
"CARE": [2, 0, 1, 0]
"3": [5, 19, 37, 5]
"Modeler": [0, 1, 0, 0]
"135": [1, 0, 0, 0]
"Riverter": [0, 0, 1, 0]
"Winter": [0, 0, 1, 0]
"Void": [0, 0, 1, 0]
"Acumen": [0, 7, 0, 0]
"Antioxidant": [0, 2, 1, 0]
"Papaya": [0, 0, 1, 0]
"Sandisk": [1, 0, 0, 0]
"A-ELISEO": [0, 0, 2, 0]
"301": [1, 0, 0, 0]
"Black/Castlerock": [0, 3, 0, 0]
"Excite": [3, 0, 3, 0]
"Mad": [1, 0, 0, 0]
"Mandarin": [0, 0, 1, 0]
"(5)": [2, 0, 0, 0]
"Compressor": [0, 1, 0, 0]
"Softener": [1, 1, 0, 0]
"Under": [0, 0, 1, 0]
"Cargo": [0, 0, 2, 0]
"Hairline": [0, 0, 1, 0]
"6.9": [2, 0, 0, 0]
"Casual": [3, 4, 8, 0]
"Bangle": [0, 1, 0, 0]
"Edge": [0, 1, 0, 0]
"Clever": [0, 0, 1, 0]
"Ctrl": [0, 0, 1, 0]
"Budz": [0, 0, 1, 0]
"Â": [1, 0, 1, 0]
"136-174/400-480": [1, 0, 1, 0]
"21.": [0, 0, 0, 1]
"17.3"": [0, 0, 1, 0]
"Alyssa": [1, 0, 2, 0]
"Shoes": [7, 49, 7, 0]
"Underwater": [0, 1, 1, 0]
"Burgundy/Stamp": [0, 0, 0, 1]
"Elena": [0, 2, 0, 0]
"BELO": [0, 0, 1, 0]
"Personal": [0, 4, 0, 0]
"Bumper": [3, 0, 1, 0]
"Germa": [0, 0, 1, 0]
"LED": [5, 1, 22, 8]
"Blender": [1, 8, 1, 0]
"Mattifying": [1, 0, 0, 0]
"OXYGEN": [1, 0, 0, 0]
"Studio": [0, 1, 0, 0]
"President": [0, 0, 1, 0]
"Intense": [0, 0, 3, 0]
"Enfant": [4, 3, 1, 0]
"Black/White": [3, 1, 4, 0]
"XM": [0, 0, 1, 0]
"Precision": [0, 0, 1, 0]
"68"": [1, 0, 0, 0]
"Camouflage": [1, 0, 1, 0]
"BONUS": [0, 0, 1, 0]
"Fog": [0, 0, 2, 0]
"Flat": [6, 0, 2, 0]
"Manual": [0, 2, 1, 0]
"Voltmeter": [0, 0, 1, 0]
"Aqua": [0, 1, 0, 0]
"BOSCH": [3, 0, 0, 0]
"Windows": [0, 7, 7, 0]
"Fall": [0, 0, 1, 0]
"EDIFIER": [0, 1, 0, 0]
"Audio": [1, 4, 0, 1]
"Belleville": [0, 0, 0, 1]
"After": [0, 0, 1, 0]
"T-Shirt": [3, 0, 18, 0]
"Glasses": [0, 1, 0, 0]
"Vibroaction": [3, 0, 0, 0]
"MP": [10, 1, 2, 1]
"Molder": [0, 1, 0, 0]
"Optimizer": [0, 0, 1, 0]
"AGM/VRLA": [1, 0, 0, 0]
"Skimmer": [0, 0, 2, 0]
"Sleeve": [1, 0, 13, 0]
"iCare": [1, 0, 0, 0]
"Ch": [1, 2, 0, 0]
"Memory": [0, 7, 1, 0]
"Books": [0, 0, 1, 0]
"Fittings": [0, 1, 0, 0]
"Queen's": [0, 1, 1, 0]
"ANARCHY": [0, 0, 1, 0]
"Dusty": [0, 0, 3, 0]
"CWL": [0, 0, 2, 0]
"Heart": [1, 0, 0, 0]
"Minich": [0, 0, 1, 0]
"Collection": [3, 28, 7, 0]
"Beau": [1, 0, 0, 0]
"Ventslip": [0, 3, 0, 0]
"H-HAVEN": [2, 0, 0, 0]
"Cars": [0, 1, 0, 0]
"Graty": [1, 0, 0, 0]
"Screwdriver": [0, 1, 1, 0]
"700": [2, 1, 0, 0]
"SD": [0, 0, 1, 0]
"FREE": [11, 6, 15, 0]
"Scarlett": [1, 0, 0, 0]
"Yummy": [0, 0, 1, 0]
"Board": [0, 2, 2, 0]
"Acne": [0, 0, 2, 0]
"Frappe": [0, 0, 1, 0]
"Chronograph": [0, 0, 1, 0]
"Tiva": [3, 0, 6, 0]
"Lumin": [0, 0, 2, 0]
"Maximum": [1, 0, 1, 0]
"Inkjet": [0, 0, 2, 4]
"Intensive": [0, 0, 1, 0]
"Cube": [0, 1, 2, 0]
"Parking": [0, 0, 1, 0]
"mg": [1, 0, 6, 0]
"XTAB": [0, 0, 1, 0]
"other": [1, 0, 0, 0]
"Powdered": [1, 1, 0, 0]
"Yellow": [1, 5, 16, 0]
"Keys": [0, 1, 0, 0]
"Expert": [0, 0, 8, 1]
"Dependable": [1, 0, 0, 0]
"FB": [1, 0, 0, 0]
"Wren": [0, 0, 1, 0]
"(4)": [1, 0, 0, 0]
"Inspire": [2, 2, 3, 0]
"Ghz": [0, 2, 0, 0]
"NOURISHMENT": [1, 0, 1, 0]
"Women's": [5, 4, 77, 0]
"Bleach": [0, 0, 1, 0]
"Antibac": [0, 1, 1, 0]
"Fizz": [0, 0, 1, 0]
"Thionemax": [1, 0, 0, 0]
"LOA": [1, 0, 3, 0]
"Gum": [1, 0, 0, 0]
"Burn": [1, 0, 4, 0]
"Wheel": [1, 1, 4, 3]
"Cameras": [3, 0, 2, 0]
"Wine": [0, 0, 1, 0]
"V": [1, 5, 2, 0]
"Keimav": [3, 4, 5, 0]
"Metal": [0, 0, 1, 0]
"Jumper": [0, 0, 1, 0]
"AMD": [0, 0, 1, 0]
"Red/Black": [0, 1, 1, 0]
"Cabin": [0, 1, 6, 10]
"Lips": [0, 0, 2, 0]
"Pretend": [0, 1, 1, 0]
"Lift": [0, 0, 1, 0]
"Bench": [0, 0, 10, 0]
"Lansing": [0, 1, 4, 0]
"Cleanser": [2, 3, 6, 0]
"Instant": [1, 1, 3, 0]
"Port": [0, 0, 2, 0]
"Girls": [0, 1, 2, 0]
"Essentials": [0, 0, 1, 1]
"Enticer": [8, 0, 15, 0]
"Clip": [3, 0, 4, 0]
"Charcoal": [2, 2, 5, 0]
"Lightening": [1, 0, 0, 0]
"Biege": [0, 0, 1, 0]
"GENTLE": [2, 0, 0, 0]
"Prevent": [0, 0, 1, 0]
"Marks": [0, 0, 1, 0]
"Miromesnil": [0, 0, 1, 0]
"Earphone": [0, 0, 3, 0]
"Square": [0, 1, 0, 0]
"Freshmint": [0, 0, 2, 0]
"Exercise": [0, 0, 1, 0]
"Noir": [1, 0, 0, 0]
"Cubix": [0, 2, 0, 0]
"and": [28, 27, 55, 4]
"Flare": [9, 2, 20, 0]
"REFRESHING": [1, 0, 0, 0]
"Colors": [0, 0, 2, 0]
"ELSD": [0, 1, 0, 0]
"15": [0, 0, 3, 0]
"shades": [0, 0, 1, 0]
"Element": [0, 0, 1, 0]
"FineLife": [0, 1, 0, 0]
"GB": [60, 28, 59, 0]
"DV": [0, 1, 0, 0]
"Authentic": [2, 0, 4, 0]
"33-11": [0, 0, 2, 0]
"G-Naren": [2, 0, 1, 0]
"Axe": [0, 0, 1, 0]
"Kg": [1, 0, 1, 2]
"Miracle": [1, 0, 1, 0]
"Paper": [0, 1, 0, 0]
"bath": [0, 0, 2, 0]
"Round": [0, 0, 1, 0]
"Class": [1, 0, 0, 0]
"Dr": [0, 0, 3, 0]
"fl.oz": [0, 0, 1, 0]
"grams": [0, 0, 2, 0]
"Dome": [3, 0, 0, 0]
"Menthol": [1, 0, 0, 0]
"Control": [2, 6, 5, 0]
"50": [0, 3, 3, 0]
"Hut": [0, 1, 1, 0]
"Feather": [0, 0, 1, 0]
"Creative": [0, 2, 4, 0]
"Regatta": [0, 0, 2, 0]
"Strike": [0, 3, 0, 0]
"lbs": [0, 0, 1, 0]
"Men's": [19, 35, 150, 0]
"Canon": [1, 0, 4, 9]
"2015": [0, 0, 1, 0]
"Pattern": [0, 0, 1, 0]
"N": [0, 6, 9, 0]
"Neck": [0, 0, 1, 0]
"Insulated": [0, 0, 0, 1]
"Towels": [0, 2, 0, 0]
"DD-NA": [1, 0, 0, 0]
"PA": [0, 0, 1, 0]
"Hero": [0, 0, 1, 0]
"LW": [0, 0, 4, 0]
"Nectarine": [0, 1, 1, 0]
"Tank": [1, 0, 5, 0]
"Novelty": [1, 0, 0, 0]
"Drawer": [0, 0, 1, 0]
"Pink": [7, 10, 32, 2]
"Jumpsuit": [0, 1, 0, 0]
"Belpink": [0, 0, 4, 0]
"Durable": [3, 0, 1, 0]
"Hearing": [0, 0, 1, 0]
"Ultrathin": [0, 0, 1, 0]
"APC": [0, 2, 1, 0]
"Jeggings": [0, 1, 3, 0]
"Drainer": [0, 1, 0, 0]
"Denim/Tuareg": [1, 0, 0, 0]
"FLWLSS": [0, 0, 1, 0]
"Han": [0, 0, 1, 0]
"Bullet": [0, 1, 0, 0]
"Pieces": [0, 0, 2, 0]
"Thrill": [2, 0, 7, 0]
"Camera": [4, 1, 10, 0]
"CLEANSER": [0, 0, 2, 0]
"8.0": [0, 0, 1, 0]
"pc": [1, 2, 0, 0]
"323443": [0, 1, 0, 0]
"set": [1, 0, 0, 0]
"GI": [0, 0, 0, 3]
"INTENSE": [2, 0, 4, 0]
"Laundry": [1, 0, 1, 0]
"SL": [0, 0, 0, 1]
"Boat": [0, 2, 0, 0]
"Firm": [0, 1, 0, 0]
"Gry/Blk": [0, 1, 0, 0]
"HD": [2, 5, 17, 2]
"Athletic": [0, 0, 1, 0]
"Funko": [0, 0, 4, 0]
"AULA": [0, 1, 0, 0]
"Bobble": [1, 0, 0, 0]
"Million": [0, 0, 1, 0]
"Wings": [3, 0, 0, 0]
"Air": [3, 2, 9, 1]
"dual-core": [0, 1, 0, 0]
"Proteins": [2, 0, 0, 0]
"Peach": [2, 3, 1, 0]
"Fitch": [0, 0, 1, 0]
"Edmark": [0, 0, 1, 0]
"DHS": [1, 0, 0, 0]
"Book": [0, 0, 1, 0]
"Farlin": [0, 8, 2, 0]
"Loose": [0, 0, 2, 0]
"5.5": [4, 0, 3, 0]
"CUK": [0, 4, 0, 0]
"3000": [0, 2, 0, 0]
"wash": [1, 0, 1, 0]
"TFT": [0, 0, 2, 0]
"Game": [0, 0, 3, 0]
"DN": [0, 0, 0, 1]
"EP": [0, 0, 1, 0]
"Cindy": [0, 0, 1, 0]
"CWL-Upright": [0, 1, 0, 0]
"Caddy": [1, 4, 0, 0]
"H-BELLONA": [1, 0, 1, 0]
"Nude": [1, 1, 2, 0]
"Pots": [1, 0, 0, 0]
"Textured": [0, 0, 3, 0]
"PUM": [1, 0, 0, 0]
"Atmor": [0, 1, 0, 0]
"Long": [1, 2, 14, 0]
"Reality": [0, 3, 0, 0]
"Men": [12, 0, 17, 0]
"Dark": [4, 2, 24, 0]
"Extreme": [0, 0, 2, 0]
"Ambi": [2, 0, 2, 0]
"Scrub": [0, 0, 1, 0]
"C": [4, 4, 2, 0]
"TAWAS": [0, 0, 1, 0]
"F&D": [0, 0, 0, 2]
"Magic": [3, 1, 6, 0]
"Charme": [0, 0, 1, 0]
"Penis": [0, 0, 1, 0]
"Conventional": [3, 0, 0, 0]
"NubuckLeatherStrapWatch": [0, 0, 1, 0]
"Faux": [1, 2, 4, 0]
"Wee": [0, 2, 26, 6]
"EWA": [0, 0, 1, 1]
"Wipes": [0, 0, 1, 0]
"Socks": [1, 0, 3, 0]
"Oven": [0, 1, 1, 0]
"tea": [1, 0, 1, 0]
"Diaper": [0, 1, 8, 4]
"Quechua": [0, 0, 1, 0]
"Blaster": [1, 0, 0, 0]
"Wonderland": [0, 0, 1, 0]
"Taupe": [0, 2, 1, 0]
"Tube": [0, 1, 0, 0]
"/": [1, 4, 3, 0]
"Hilow": [0, 0, 2, 0]
"Dalandan": [1, 0, 3, 0]
"Intel": [0, 12, 6, 0]
"Nebulizer": [2, 2, 1, 0]
"Dolphin": [0, 1, 0, 0]
"OutDry": [0, 0, 2, 0]
"MRW": [0, 0, 3, 0]
"Flamingo": [0, 0, 1, 0]
"Pitcher": [0, 0, 1, 0]
"Landscape": [0, 0, 2, 0]
"Earbuds": [0, 0, 2, 0]
"Li": [0, 1, 0, 0]
"Fragrance": [3, 0, 0, 0]
"(58-18)": [1, 0, 0, 0]
"125": [0, 1, 0, 0]
"Tokyo": [1, 0, 1, 1]
"Minimalist": [0, 0, 1, 0]
"DAILY": [0, 0, 1, 0]
"Pressure": [1, 0, 6, 0]
"Dessini": [0, 1, 2, 0]
"Zoom": [1, 2, 0, 0]
"H-LENORE": [1, 0, 0, 0]
"19": [1, 0, 0, 0]
"Ballet": [0, 0, 1, 0]
"Stickers": [0, 0, 1, 0]
"Drink": [1, 1, 1, 0]
"Sandal": [1, 3, 0, 0]
"Mask": [0, 1, 1, 0]
"179": [0, 0, 2, 0]
"Disc": [1, 0, 2, 0]
"Cavity": [1, 0, 1, 0]
"Longshirt": [0, 0, 2, 0]
"Sportswear": [3, 12, 15, 0]
"SFK": [0, 2, 0, 0]
"Extendo": [0, 0, 2, 4]
"Solutions": [0, 0, 1, 0]
"Wristwatch(GREEN": [0, 0, 1, 0]
"D&D": [0, 1, 0, 0]
"Striped": [0, 0, 3, 0]
"Crossed-Strap": [2, 1, 0, 0]
"YET-M": [0, 0, 1, 0]
"1)": [1, 0, 2, 0]
"BeauOxi": [0, 0, 1, 0]
"Club": [0, 0, 1, 0]
"Etta's": [1, 0, 0, 0]
"Silky": [0, 0, 1, 0]
"Cotoons": [0, 1, 0, 0]
"Leopard": [0, 0, 12, 0]
"EZY": [1, 0, 0, 1]
"|": [0, 4, 0, 0]
"Portable": [4, 7, 17, 3]
"Spotify": [3, 0, 10, 0]
"Universal": [0, 0, 1, 0]
"Eat": [1, 0, 0, 0]
"Oxford": [1, 0, 0, 0]
"Bethesda": [0, 0, 1, 0]
"MB": [0, 1, 0, 0]
"Peacoat": [0, 0, 1, 0]
"Lights": [1, 0, 3, 0]
"Breeze": [3, 0, 0, 0]
"Kit": [7, 10, 11, 0]
"Fruit": [0, 0, 3, 0]
"Dot": [0, 0, 1, 0]
"25": [0, 0, 1, 0]
"Shoot": [3, 0, 2, 0]
"BL": [0, 0, 5, 1]
"ELISE": [0, 0, 1, 0]
"Henji": [0, 0, 1, 0]
"Penguin": [1, 0, 0, 0]
"Acer": [0, 8, 13, 0]
"YWD": [0, 0, 1, 0]
"Bracelet": [0, 0, 2, 0]
"Como": [0, 2, 0, 0]
"MATE": [0, 0, 1, 0]
"P": [4, 1, 3, 0]
